Unnamed: 0,ENERO,FEBRERO,MARZO,ABRIL,MAYO,JUNIO,JULIO,AGOSTO,SEPTIEMBRE,Unnamed: 10,TOTAL,Unnamed: 12,Unnamed: 13,Unnamed: 14,Unnamed: 15,Unnamed: 16
,,,,,,,,,,,,,,,,
GUADALAJARA,,,,,,,,,,,,,,,,
VENTAS,,,,,,,,,-55593248.14196218,,,,,,,
TRANSFERENCIAS,31452225.349999994,17036407.292346597,-4028808.912346594,27031603.47999999,16446444.06192422,-5492989.131924227,33609138.7,16314311.689426042,171056.16057396308,,132539388.68999997,,,,,
RECEPCIONES,6371247.8100000005,0,1917532.4499999997,4566185.0600000005,0,1754333.77,5143618.890000001,0,1650056.1700000002,,21402974.150000002,,,,,
,,,,,,,,,,,,,,,,
ALMACEN VALLARTA,,,,,,,,,,,,,,,,
VENTAS,37076630.975,58007934.59477172,-20931303.619771723,30461149.729999997,0,30461149.729999997,32895733.038750008,0,32895733.038750008,,200867027.4875,,,,,
TRANSFERENCIAS,1917532.4499999997,0,1917532.4499999997,1754333.77,0,1754333.77,1650056.1700000002,0,1650056.1700000002,,10643844.78,,,,,
RECEPCIONES,18444626.96999999,0,0,16078148.549999995,0,0,17123770.849999998,0,0,,51646546.36999999,,,,,
,,,,,,,,,,,,,,,,
HACIENDA SAN JOSE,,,,,,,,,,,,,,,,
VENTAS,0,0,0,0,0,0,0,0,0,,0,,,,,
TRANSFERENCIAS,0,0,0,0,0,0,0,0,0,,0,,,,,
RECEPCIONES,0,0,0,0,0,0,0,0,0,,0,,,,,
,,,,,,,,,,,,,,,,
PUEBLA,,,,,,,,,,,,,,,,
VENTAS,11773654.74,17474060.020700578,-5700405.280700577,12727562.429999994,16055451.868624156,-3327889.438624162,12877922.08,15164493.582757968,-2286571.5027579684,,74758278.49999999,,,,,
TRANSFERENCIAS,179143.0300000001,14548.372262867704,164594.6577371324,116856.81,13418.232579578304,103438.5774204217,0,12589.132187599762,-12589.132187599762,,591999.6800000002,,,,,
RECEPCIONES,369000.51999999984,0,0,577025.1799999999,0,0,556737.1,0,0,,1502762.7999999998,,,,,
,,,,,,,,,,,,,,,,
LEON,,,,,,,,,,,,,,,,
VENTAS,90671309.05551405,106675686.75946182,-16004377.703947758,78657616.86000001,97265687.6725555,-18608070.81255549,88843183.80224076,97299433.03742592,-8456249.235185176,,516344219.4355097,,,,,
TRANSFERENCIAS,4861257.979999999,5815127.563434074,-953869.5834340751,3202073.5100000002,5300978.402786936,-2098904.8927869354,2977305.410000002,5302259.680497676,-2324954.270497674,,22081273.800000004,,,,,
RECEPCIONES,2478377.2500000005,0,0,2069794.9900000002,0,0,1912192.6100000006,0,0,,6460364.850000001,,,,,
,,,,,,,,,,,,,,,,
MONTERREY TELAS,,,,,,,,,,,,,,,,
VENTAS,71188.98999999999,0,71188.98999999999,870726.54,0,870726.54,84800.9,0,84800.9,,2053432.8599999999,,,,,
TRANSFERENCIAS,3384345.2299999995,2220471.3998227925,1163873.830177207,181618.44,2134416.4413699685,-1952798.0013699685,1955321.6400000001,1899159.5668984463,56162.07310155383,,11042570.620000001,,,,,
RECEPCIONES,42572.17,0,0,27435.74,0,0,1808.4,0,0,,71816.31,,,,,
,,,,,,,,,,,,,,,,
MONTERREY 2,,,,,,,,,,,,,,,,
VENTAS,97310941.49000001,90048110.3281951,7262831.161804913,90081617.74000001,100666971.09563142,-10585353.355631433,84656962.79,102961782.9984915,-18304820.208491493,,544099044.0400001,,,,,
TRANSFERENCIAS,2761801.6100000003,2044286.3799897826,38837797.50001022,1120620.08,8155545.734238783,5304430.1257612165,8909725.48,6630558.249243608,-626782.4992436082,,73137982.66,,,,,
RECEPCIONES,66474736.71999999,36735910.35,50819062.89,51393342.910000004,45652001.3,63505136.41,76079832.09,67303692.82,0,,457963715.48999995,,,,,
,,,,,,,,,,,,,,,,
MONTERREY 3 (Resortes),,,,,,,,,,,,,,,,
VENTAS,6537373.899999999,4000000,2537373.8999999994,6436176.41,4000000,2436176.41,10163026.86,4000000,6163026.859999999,,46273154.339999996,,,,,
TRANSFERENCIAS,3879403.000000001,5078799.0319446465,-1199396.0319446456,2929606.18,4881968.827457833,-1952362.647457833,2452518.71,4343874.8054318605,-1891356.0954318605,,18523055.78,,,,,
RECEPCIONES,159891.58000000005,0,0,84807.78999999998,0,0,162947.84999999998,0,0,,407647.22,,,,,
,,,,,,,,,,,,,,,,
MONTERREY 4 (Mat Primas 1040201),,,,,,,,,,,,,,,,
VENTAS,0,0,0,0,0,0,0,0,0,,0,,,,,
TRANSFERENCIAS,46609022.65,36735910.35,50819062.89,37934730.36,45652001.3,63505136.41,60747762.08,67303692.82,0,,409307318.86,,,,,
RECEPCIONES,0,0,38120282.27,0,5873491.52,6465864.26,7198040.18,4292090.45,0,,61949768.68000001,,,,,
,,,,,,,,,,,,,,,,
YUCATAN,,,,,,,,,,,,,,,,
VENTAS,9882726.869999997,6612367.35807865,3270359.511921348,7780756.97,6355127.777601125,1425629.1923988743,11861182.999999998,5650708.342210691,6210474.657789307,,59049333.67999999,,,,,
TRANSFERENCIAS,11988433.809999995,28117612.751723997,-16129178.941724002,8790161.140000006,27027907.206615284,-18237746.066615276,6631607.379999999,24048872.352079842,-17417264.972079843,,54820404.66,,,,,
RECEPCIONES,7283453.469999999,0,0,2093711.3299999996,0,0,5393644.520000003,0,0,,14770809.320000002,,,,,
,,,,,,,,,,,,,,,,
TECATE,,,,,,,,,,,,,,,,
VENTAS,64011603.760000005,125277935.92876631,-61266332.168766305,60680942.699999996,108610183.1268473,-47929240.4268473,66406452.72340001,123029219.6391743,-56622766.915774286,,382197998.3668,,,,,
TRANSFERENCIAS,2269887.12,792776.786717439,1477110.333282561,1134663.9099999997,722682.7922134562,411981.11778654344,1307027.09,722857.4689020299,584169.6210979702,,9423156.24,,,,,
RECEPCIONES,1101332.7,0,0,419022.6999999998,0,0,550310.11,0,0,,2070665.5099999998,,,,,
,,,,,,,,,,,,,,,,
CD JUAREZ,,,,,,,,,,,,,,,,
VENTAS,20476753.7,25513030.81627758,-5036277.116277585,18847684.299999997,23028606.126237493,-4180921.826237495,20178098.970000003,23069231.951134104,-2891132.981134101,,119005073.93999998,,,,,
TRANSFERENCIAS,144676.85000000003,82415.51693482824,62261.3330651718,70596,74272.68220734523,-3676.682207345235,46863.68000000001,74403.71006745177,-27540.030067451764,,524273.06000000006,,,,,
RECEPCIONES,9778929.159999996,0,0,9380714.820000006,0,0,10265966.469999967,0,0,,29425610.449999973,,,,,
,,,,,,,,,,,,,,,,
OCOTLAN,,,,,,,,,,,,,,,,
VENTAS,10126384.71,9810864.815244623,315519.89475537906,7545001.530000002,8982614.41996569,-1437612.8899656879,7856448.370000004,8424934.397830363,-568486.0278303598,,51055669.22000001,,,,,
TRANSFERENCIAS,424228.22999999986,445480.1922392678,-21251.962239267945,397162.39,407871.9739772258,-10709.58397722576,548982.7000000002,382549.49648443505,166433.20351556514,,2740746.64,,,,,
RECEPCIONES,6412652.480000003,0,0,4942500.369999992,0,0,5277514.84,0,0,,16632667.689999994,,,,,
,,,,,,,,,,,,,,,,
,,,,,,,,,,,,,,,,
TOTAL VENTAS,,,,,,,,,-99369239.55659625,,,,,,,
,,,,,,,,,,,,,,,,
TOTAL TRANSFERENCIAS,109871957.30999999,98383835.6374163,72109727.5625837,84664026.07,110817507.65537062,41330132.99462937,120836309.04,127035128.97121897,-19672609.77121898,,745376015.4699999,,,,,
,,,,,,,,,,,,,,,,
TOTAL RECEPCIONES,118916820.82999998,36735910.35,90856877.61000001,91632689.44,51525492.81999999,71725334.44,129666383.90999998,71595783.27,1650056.1700000002,,664305348.8399998,,,,,
,,,,,,,,,,,,,,,,
,,,,,,,,,,,,,,,,
,,,,,,,,,,,,,,,,
INVENTARIO FINAL,,,,,,,,,,,,,,,,
,,,,,,,,,,,,,,,,
GUADALAJARA,,,,,,,,,,,,,,,,
,,,,,,,,,,,,,,,,
ALMACEN VALLARTA,,,,,,,,,,,,,,,,
,,,,,,,,,,,,,,,,
HACIENDA SAN JOSE,,,,,,,,,,,,,,,,
,,,,,,,,,,,,,,,,
PAPELCOR,,,,,,,,,,,,,,,,
,,,,,,,,,,,,,,,,
PUEBLA,,,,,,,,,,,,,,,,
,,,,,,,,,,,,,,,,
LEON,,,,,,,,,,,,,,,,
,,,,,,,,,,,,,,,,
LERMA EDO MEXICO,722264.58,304692.31,362986.09,937997.87,765286.89,635498.35,758388.84,559629.97,0,,,,,,,
,,,,,,,,,,,,,,,,
MONTERREY TELAS,,,,,,,,,,,,,,,,
,,,,,,,,,,,,,,,,
MONTERREY II,,,,,,,,,,,,,,,,
,,,,,,,,,,,,,,,,
MONTERREY 3 (Resortes),,,,,,,,,,,,,,,,
,,,,,,,,,,,,,,,,
MONTERREY 4 (Mat Prima),98129517.57,133987275.24,193750218.49,197499747.01,194952230.85000002,184595395.58,175476672.56,176932656.24,0,,,,,,,
,,,,,,,,,,,,,,,,
YUCATAN,,,,,,,,,,,,,,,,
,,,,,,,,,,,,,,,,
TECATE,,,,,,,,,,,,,,,,
,,,,,,,,,,,,,,,,
CIUDAD JUAREZ,,,,,,,,,,,,,,,,
,,,,,,,,,,,,,,,,
OCOTLAN,,,,,,,,,,,,,,,,
,,,,,,,,,,,,,,,,
,,,,,,,,,,,,,,,,
,,,,,,,,,,,,,,,,
,,,,,,,,,,,,,,,,
,,,,,,,,,,,,,,,,
,,,,,,,,,,,,,,,,
,,,,,,,,,,,,,,,,
,ENERO,FEBRERO,MARZO,ABRIL,MAYO,JUNIO,JULIO,AGOSTO,SEPTIEMBRE,,TOTAL,,,,,
USD,20.4835,18,0,20.459935714285706,18,0,20.374246666666668,18,0,,,,,,,
GUADALAJARA,,,,,,,,,,,,,,,,
VENTAS,,,,,,,,,,,,,,,,
TRANSFERENCIAS,1535490.7779432223,946467.0717970332,,1321196.8921840629,913691.3367735677,,1649589.2707035057,906350.649412558,,,,,,,,
RECEPCIONES,311042.9277223131,0,,223176.90161713268,0,,252456.88707672464,0,,,,,,,,
,,,,,,,,,,,,,,,,
ALMACEN VALLARTA,,,,,,,,,,,,,,,,
VENTAS,1810073.033173042,3222663.0330428733,,1488819.4252111535,0,,1614574.2012915327,0,,,,,,,,
TRANSFERENCIAS,93613.51575658456,0,,85744.83295052948,0,,80987.34628061503,0,,,,,,,,
RECEPCIONES,900462.6636072933,0,,785835.7315743556,0,,840461.5458992838,0,,,,,,,,
,,,,,,,,,,,,,,,,
HACIENDA SAN JOSE,,,,,,,,,,,,,,,,
VENTAS,0,0,,0,0,,0,0,,,,,,,,
TRANSFERENCIAS,0,0,,0,0,,0,0,,,,,,,,
RECEPCIONES,0,0,,0,0,,0,0,,,,,,,,
,,,,,,,,,,,,,,,,
PUEBLA,,,,,,,,,,,,,,,,
VENTAS,574787.2551077697,970781.1122611432,,622072.4545636402,891969.5482568976,,632068.6251957945,842471.865708776,,,,,,,,
TRANSFERENCIAS,8745.723631215373,808.2429034926503,,5711.494485215184,745.4573655321279,,0,699.3962326444312,,,,,,,,
RECEPCIONES,18014.524861473863,0,,28202.687831374984,0,,27325.530563584023,0,,,,,,,,
,,,,,,,,,,,,,,,,
LEON,,,,,,,,,,,,,,,,
VENTAS,4426553.521395955,5926427.042192323,,3844470.3814528137,5403649.315141972,,4360562.883907401,5405524.057634774,,,,,,,,
TRANSFERENCIAS,237325.55373837473,323062.64241300407,,156504.57336306397,294498.80015482975,,146130.82185124562,294569.9822498709,,,,,,,,
RECEPCIONES,120993.83650255085,0,,101163.31834585438,0,,93853.41413032205,0,,,,,,,,
,,,,,,,,,,,,,,,,
MONTERREY TELAS,,,,,,,,,,,,,,,,
VENTAS,3475.4309566236234,0,,42557.638115746086,0,,4162.161251278983,0,,,,,,,,
TRANSFERENCIAS,165222.99558180972,123359.52221237736,,8876.784489268402,118578.69118722047,,95970.25460573267,105508.86482769146,,,,,,,,
RECEPCIONES,2078.3640491127003,0,,1340.9494723311175,0,,88.75910994827784,0,,,,,,,,
,,,,,,,,,,,,,,,,
MONTERREY 2,,,,,,,,,,,,,,,,
VENTAS,4750698.927917593,5002672.796010839,,4402829.950101089,5592609.505312856,,4155096.5871294383,5720099.05547175,,,,,,,,
TRANSFERENCIAS,134830.551907633,113571.46555498792,,54771.437000046455,453085.8741243768,,437303.3087194717,368364.34718020045,,,,,,,,
RECEPCIONES,3245282.140259233,2040883.9083333334,,2511901.485307,2536222.294444444,,3734117.5521581657,3739094.0455555553,,,,,,,,
,,,,,,,,,,,,,,,,
MONTERREY 3 (Resortes),,,,,,,,,,,,,,,,
VENTAS,319153.1671833427,222222.22222222222,,314574.615476728,222222.22222222222,,498817.3072738558,222222.22222222222,,,,,,,,
TRANSFERENCIAS,189391.60787951283,282155.50177470257,,143187.45771788844,271220.49041432404,,120373.46705988637,241326.3780795478,,,,,,,,
RECEPCIONES,7805.872043351968,0,,4145.066298560498,0,,7997.736194417984,0,,,,,,,,
,,,,,,,,,,,,,,,,
MONTERREY 4 (Mat Primas),,,,,,,,,,,,,,,,
VENTAS,0,0,,0,0,,0,0,,,,,,,,
TRANSFERENCIAS,2275442.314545854,2040883.9083333334,,1854098.2185742108,2536222.294444444,,2981595.495228126,3739094.0455555553,,,,,,,,
RECEPCIONES,0,0,,0,326305.0844444444,,353291.1080229714,238449.46944444446,,,,,,,,
,,,,,,,,,,,,,,,,
YUCATAN,,,,,,,,,,,,,,,,
VENTAS,482472.5691410158,367353.7421154806,,380292.34688979277,353062.6543111736,,582165.4755660495,313928.2412339273,,,,,,,,
TRANSFERENCIAS,585272.7224351305,1562089.597318,,429627.9940832105,1501550.4003675159,,325489.6972877851,1336048.4640044356,,,,,,,,
RECEPCIONES,355576.6089779578,0,,102332.25359247395,0,,264728.53736596246,0,,,,,,,,
,,,,,,,,,,,,,,,,
TECATE,,,,,,,,,,,,,,,,
VENTAS,3125032.5266678063,6959885.329375906,,2965842.295273237,6033899.062602628,,3259332.912271276,6834956.646620794,,,,,,,,
TRANSFERENCIAS,110815.39385358948,44043.1548176355,,55457.84336007201,40149.04401185868,,64150.940713718,40158.748272335,,,,,,,,
RECEPCIONES,53766.82207630532,0,,20480.15721317376,0,,27010.083808415653,0,,,,,,,,
,,,,,,,,,,,,,,,,
CD JUAREZ,,,,,,,,,,,,,,,,
VENTAS,999670.6471062074,1417390.60090431,,921199.5855314448,1279367.007013194,,990372.7632301825,1281623.997285228,,,,,,,,
TRANSFERENCIAS,7063.092244977667,4578.63982971268,,3450.4507240806174,4126.26012263029,,2300.14295825089,4133.539448191765,,,,,,,,
RECEPCIONES,477405.18759001134,0,,458491.90100094624,0,,503869.74487727316,0,,,,,,,,
,,,,,,,,,,,,,,,,
OCOTLAN,,,,,,,,,,,,,,,,
VENTAS,494367.8917177241,545048.0452913679,,368769.5619068768,499034.1344425383,,385606.8152376678,468051.91099057574,,,,,,,,
TRANSFERENCIAS,20710.72961163863,24748.89956884821,,19411.712507126304,22659.554109845878,,26944.93244249195,21252.749804690837,,,,,,,,
RECEPCIONES,313064.294676203,0,,241569.69205670565,0,,259028.71042757572,0,,,,,,,,
,,,,,,,,,,,,,,,,
,,,,,,,,,,,,OCT,NOV,DIC,,
TOTAL VENTAS,,,,,,,,,,,,34000000,34000000,20000000,,
,,,,,,,,,,,,,,,,
TOTAL TRANSFERENCIAS,5363924.9791295435,5465768.646523128,,4138039.691438775,6156528.203076147,,5930835.6778508285,7057507.165067721,,,,,,,,
,,,,,,,,,,,,,,,,
TOTAL RECEPCIONES,5805493.242365806,2040883.9083333334,,4478640.144309908,2862527.3788888883,,6364229.609634645,3977543.5149999997,,,,,,,,
,,,,,,,,,,,,,,,,
,,,,,,,,,,,,,,,,
,,,,,,,,,,,,,,,,
,,,,,,,,,,,,,,,,
INVENTARIO FINAL USD,,,,,,,,,,,,,,,,
,,,,,,,,,,,,,,,,
GUADALAJARA,,,,,,,,,,,,,,,,
,,,,,,,,,,,,,,,,
ALMACEN VALLARTA,,,,,,,,,,,,,,,,
,,,,,,,,,,,,,,,,
HACIENDA SAN JOSE,,,,,,,,,,,,,,,,
,,,,,,,,,,,,,,,,
PAPELCOR,,,,,,,,,,,,,,,,
,,,,,,,,,,,,,,,,
PUEBLA,,,,,,,,,,,,,,,,
,,,,,,,,,,,,,,,,
LEON,,,,,,,,,,,,,,,,
,,,,,,,,,,,,,,,,
LERMA EDO MEXICO,35260.79917982766,16927.350555555557,,45845.59223932768,42515.93833333333,,37222.914417776425,31090.553888888888,,,,,,,,
,,,,,,,,,,,,,,,,
MONTERREY TELAS,,,,,,,,,,,,,,,,
,,,,,,,,,,,,,,,,
MONTERREY II,,,,,,,,,,,,,,,,
,,,,,,,,,,,,,,,,
MONTERREY 3 (Resortes),,,,,,,,,,,,,,,,
,,,,,,,,,,,,,,,,
MONTERREY 4 (Mat Prima),4790661.633509898,7443737.513333333,,9652999.391982453,10830679.491666667,,8612670.467325253,9829592.013333334,,,,,,,,
,,,,,,,,,,,,,,,,
YUCATAN,,,,,,,,,,,,,,,,
,,,,,,,,,,,,,,,,
TECATE,,,,,,,,,,,,,,,,
,,,,,,,,,,,,,,,,
CIUDAD JUAREZ,,,,,,,,,,,,,,,,
,,,,,,,,,,,,,,,,
OCOTLAN,,,,,,,,,,,,,,,,
,,,,,,,,,,,,,,,,
,,,,,,,,,,,,,,,,
,,,,,,,,,,,,,,,,
,,,,,,,,,,,,,,,,
