UREBLOCK S.A. DE C.V.,Unnamed: 1,Unnamed: 2,Unnamed: 3,Unnamed: 4,Unnamed: 5,Unnamed: 6,Unnamed: 7,Unnamed: 8,Unnamed: 9,Unnamed: 10,Unnamed: 11,Unnamed: 12,Unnamed: 13,Unnamed: 14,Unnamed: 15,Unnamed: 16,Unnamed: 17,Unnamed: 18,UREBLOCK S.A. DE C.V..1,Unnamed: 20,Unnamed: 21,Unnamed: 22,Unnamed: 23,Unnamed: 24,Unnamed: 25,Unnamed: 26,Unnamed: 27,Unnamed: 28,Unnamed: 29,Unnamed: 30,Unnamed: 31,Unnamed: 32,Unnamed: 33,Unnamed: 34,Unnamed: 35,Unnamed: 36,Unnamed: 37,Unnamed: 38,Unnamed: 39,Unnamed: 40,Unnamed: 41,Unnamed: 42,Unnamed: 43,Unnamed: 44,Unnamed: 45,Unnamed: 46,Unnamed: 47,Unnamed: 48,Unnamed: 49,Unnamed: 50,Unnamed: 51,Unnamed: 52,Unnamed: 53,Unnamed: 54,Unnamed: 55,Unnamed: 56,Unnamed: 57,Unnamed: 58,Unnamed: 59,Unnamed: 60,Unnamed: 61,Unnamed: 62,Unnamed: 63,Unnamed: 64,Unnamed: 65,Unnamed: 66,Unnamed: 67,Unnamed: 68,Unnamed: 69,Unnamed: 70,Unnamed: 71,Unnamed: 72,Unnamed: 73,Unnamed: 74,Unnamed: 75,Unnamed: 76,Unnamed: 77,Unnamed: 78,Unnamed: 79,Unnamed: 80,Unnamed: 81,Unnamed: 82,Unnamed: 83,Unnamed: 84,Unnamed: 85,Unnamed: 86,Unnamed: 87,Unnamed: 88,Unnamed: 89,Unnamed: 90,Unnamed: 91,Unnamed: 92,Unnamed: 93,Unnamed: 94,Unnamed: 95,Unnamed: 96
ESTADO DE RESULTADOS DE JULIO DE 2025,,,,,,,,,,,,,,,,,,,ESTADO DE RESULTADOS DE JULIO DE 2025,,,,,,,,,,,,,,,,,,,,,,,,,,,10720,,,,,,,,,,,,,,,,,,,,,,,,,,,,,,,,,,,,,,,,,,,,,,,,,,
,,,,,,,,,,,,,,,HDA SAN JOSE,,,,,PUEBLA,,,,,,,,LEON,,,,,,,,MONTERREY 2,,,,,,,,MTY RESORTES,,MTY TELAS,,,,,,YUCATAN,,,,,,,,,,TECATE,,,,,,,,CD JUATREZ,,,,,,OCOTLAN,,,,,,CD JUAREZ II,,,,,,,,,,,,,,
,10101,,10102,,10103,,10106,,10112,,10120, ,TOTAL,,11108,,,,,10201,,10202,,10220,,TOTAL,,10301,,10302,,10320,,TOTAL,,10401,,10402,,10420,,TOTAL,,11211,,10710,,10720,,TOTAL,,10501,,10502,,10508,,10520,,TOTAL,,10601,,10602,,10620,,TOTAL,,10802,,10820,,TOTAL,,10902,,10920,,TOTAL,,11001,,11002,,11020,,TOTAL,,,TOTAL,,,,,
,ESPUMADO,%,CORTE GDL,%,POLIETILENO,%,CORRUGADO,%,ALM VALLARTA,%,ADMON,%,GUADALAJARA,%,COSTURA HSJ,%,,,,ESPUMADO,%,CORTE,%,ADMON,%,PUEBLA,%,ESPUMADO,%,CORTE,%,ADMON,%,LEON,%,ESPUMADO,%,CORTE,%,ADMON,%,MTY2,%,RESORTES,%,TELAS,%,ADMON,%,MTY TELAS,%,ESPUMADO,%,CORTE,%,COSTURA,%,ADMON,%,YUCATAN,%,ESPUMADO,%,CORTE,%,ADMON,%,TKT,%,CORTE,%,ADMON,%,JUÁREZ,%,CORTE,%,ADMON,%,OCOTLAN,%,ESPUMADO,%,CORTE,%,ADMON,%,JRZ II,%,,GENERAL,%,,,,
,,,,,,,,,,,,,,, ,,,,,,,,,,,,,,,,,,,,,,,,,,,,,,,,,,,,,,,,,,,,,,,,,,,,,,,,,,,,,,,,,,,,,,,,,,,,,,,,,
TRADICIONAL,5025873.57,,28794455.880000018,,240634.49,,262224,,31130.4,,,,34354318.34000002,,0,,,,VENTAS,,,14086172.42,,,,14086172.42,0.6093106515353314,4700028.29,,35238945.51000001,,,,39938973.80000001,0.27301143176694226,25121683.24,,20705994.55,,0,,45827677.79,,360475,,143340.6,,0,,143340.6,,,,4862338.559999999,,152372.87,,,,5014711.429999999,0.3282511527677089,51671683.14,,8733201.729999999,,,,60404884.87,0.8293971823267303,17473392.460000005,,,,17473392.460000005,0.9336549464159152,8335170.110000002,,,,8335170.110000002,0.9885273477963308,0,,600716.67,,,,600716.67,0.008248218907245081,,226539833.49000004,,226539833.49,0,105309331.24,
AUTOMOTRIZ,0,,0,,0,,0,,0,,,,0,,0,,,,,,,0,,,,0,0,70102.83,,45592283.120000005,,,,45662385.95,0.3121350445439889,436810.24,,886511.3200000001,,0,,1323321.56,,0,,0,,0,,0,,,,0,,0,,,,0,0,0,,0,,,,0,0,830237.94,,,,830237.94,0.04436206427330251,0,,,,0,0,0,,1389818.73,,,,1389818.73,0.019083088082821716,,49205764.18,,49205764.18,0,22249875.740000002,
EMPAQUE,4260027.18,,479817.3599999999,,404833.86,,127908.73999999999,,35846095.669999994,,,,41118682.809999995,,0,,,,,,,0,,,,0,0,0,,0,,,,0,0,0,,369812.65,,0,,369812.65,,0,,0,,0,,0,,,,0,,0,,,,0,0,403534.33,,2906373.2800000003,,,,3309907.6100000003,0.045447119904357534,306817.88,,,,306817.88,0.01639418515703874,0,,,,0,0,0,,2016848.6400000001,,,,2016848.6400000001,0.027692604377866737,,47122069.589999996,,47122069.589999996,0,18352279.55,
PROD HOGAR,0,,721014.32,,0,,0,,1531807.53,,,,2252821.85,,0,,,,,,,0,,,,0,0,0,,165607.88,,,,165607.88,0.0011320482258031365,0,,47038061.720000006,,0,,47038061.720000006,,6503636.43,,0,,0,,0,,,,0,,98572.94,,,,98572.94,0.006452351573638249,0,,1476442.2499999998,,,,1476442.2499999998,0.0202724836683914,0,,,,0,0,184373.88,,,,184373.88,0.0218662151094741,0,,0,,,,0,0,,57719516.95,,57719516.95,0,28214697.980000004,
"REB, DEV, DCTOS S/VTAS",-82542.91,,-1222488.14,,0,,0,,-138990.48,,0,,-1444021.5299999998,,0,,,,"REB, DEV, DCTOS S/VTAS",0,,-135792.43,,0,,-135792.43,-0.00587382942149631,-18514.43,,-4553560.5,,0,,-4572074.93,-0.03125339997556577,-340563.63,,-1583063.07,,0,,-1923626.7000000002,,-31953.9,,0,,0,,0,,0,,-153399.39,,0,,0,,-153399.39,-0.010041161351803522,-1754040.33,,-397276.58,,0,,-2151316.91,-0.029538938569056296,-293744.48,,0,,-293744.48,-0.015695634798004805,-515743.55,,0,,-515743.55,-0.06116571070492095,0,,-88822.27,,0,,-88822.27,-0.001219585810392822,,-11310496.09,,-11310496.09,0,,
(+) OTROS INGRESOS,13959.25,,658919.24,,258768.12,,4680,,1322504.99,,,,2258831.6,,0,,,,(+) OTROS INGRESOS,,,88000,,,,88000,0.003806522860601841,,,264288.4,,,,264288.4,0.0018066001105765598,0,0,954567.29,,0,,954567.29,,0,,39868,,0,,39868,,,,17080,,0,,,,17080,0.0011180164138123636,0,,18874.08,,,,18874.08,0.0002591530271881022,0,,,,0,0,0,,,,0,0,,,-862.07,,,,-862.07,-1.183676503162259e-05,,3640647.3000000003,,3640647.3,0,,
(+) TRANSFERENCIAS ENVIADAS,26981277.840000007,,16526871.59,,21136128.290000036,,8761486.379999997,,3677466.9099999997,,,,77083231.01000004,,0,,,,TRANSFERENCIAS ENVIADAS,9033461.600000013,,46369.759999999995,,,,9079831.360000012,0.3927566550255631,56998398.6899999,,7832901.679999998,,,,64831300.3699999,0.443168275328255,32118688.510000627,,2208920.6100000003,,,,34327609.12000063,,3461326.4499999997,,668155.6300000001,,,,668155.6300000001,,0,,2739.2599999999998,,10297352.329999994,,0,,10300091.589999994,0.674219640596644,7815856.93000003,,1955216.23,,0,,9771073.16000003,0.13416299964238912,398339.19,,,,398339.19,0.021284438951748294,428106,,,,428106,0.05077214779911623,13391386.459999975,,11033.11,,0,,13402419.569999974,0.18402367708574704,,223751483.45000055,,,,,
VENTAS NETAS,36198594.93000001,,45958590.250000015,,22040364.760000035,,9156299.119999997,1,42270015.019999996,1,0,,155623864.08000004,1,0,1,,,VENTAS NETAS,9033461.600000013,1,14084749.75,1,0,,23118211.350000013,1,61750015.3799999,1,84540466.09000002,1,0,,146290481.4699999,1,57336618.360000625,1,70580805.07000002,1,0,,127917423.43000063,1,10293483.979999999,1,851364.2300000001,1,0,,851364.2300000001,1,0,1,4728758.429999999,1,10548298.139999995,1,0,,15277056.569999993,1,58137034.07000003,1,14692830.989999998,1,0,,72829865.06000002,1,18715042.990000006,1,0,,18715042.990000006,1,8431906.440000001,1,0,,8431906.440000001,1,13391386.459999975,1,3928732.81,1,0,,17320119.269999973,1,,593028171.5700006,1,369276688.12,185156821.01,,
,,,,,,,,,,,,,,,,,,,,,,,,,,,,,,,,,,,,,,,,,,,,,,,,,,,,,,,,,,,,,,,,,,,,,,,,,,,,,,,,,,,,,,,,,,,,,,,,
INVENTARIO INICIAL,31497390.080000002,,18236214.17,,4745563.25,,4380491.970000001,,39402200.17,,,,98261859.64,,4644459.34,,,,INVENTARIO INICIAL,7918428.58,,2429535.47,,,,10347964.05,,89806103.7,,30973931.339999996,,,,120780035.03999999,,51316470.58,,144593247.43,,,,195909718.01,,15221714.780000001,,30932095.69,,,,30932095.69,,0,,3705408.08,,162925031.24,,,,166630439.32000002,,56177361.51,,78468266.30000001,,,,134645627.81,,3700676.1399999997,,,,3700676.1399999997,,3088644.06,,,,3088644.06,,32636218.490000002,,2716852.37,,,,35353070.86,,,819516304.74,,,,,
(+) COMPRAS,20700807.59,,1402129.96,,10079261.61,,9557088.42,,12907187.3,,,,54646474.879999995,,0,,,,(+) COMPRAS,5949908.38,,15389.99,,,,5965298.37,,56744595.71,,1913758.09,,,,58658353.800000004,,34033626.51,,4064751.82,,,,38098378.33,,12592124.17,,319667.76,,,,319667.76,,0,,1546248.11,,8054812.2,,,,9601060.31,,36554510.63,,1171218.48,,,,37725729.11,,1382318.39,,,,1382318.39,,73219.89,,,,73219.89,,6559331.19,,453880.14,,,,7013211.33,,,226075836.33999994,,,,,
(+) TRANSFERENCIAS RECIBIDAS,1265216.9000000001,,27884211.68000001,,12925747.360000003,,314905.9,,26081511.11000003,,,,68471592.95000005,,0,,,,(+) TRANSFERENCIAS RECIBIDAS,385952.86000000004,,9669173.750000013,,,,10055126.610000012,,5371510.630000001,,57657162.3399999,,,,63028672.9699999,,3334247.1500000004,,47012122.24000062,,,,50346369.39000062,,98431.53000000001,,1867.15,,,,1867.15,,0,,1084632.0400000003,,568402.4,,,,1653034.4400000004,,2338241.6099999994,,7924515.420000031,,,,10262757.030000031,,10574089.319999976,,,,10574089.319999976,,6056403.599999997,,,,6056403.599999997,,501646.49999999994,,2701491.96,,,,3203138.46,,,223751483.45000058,,0,,,
(=) MATERIAL DISPONIBLE,53463414.57,,47522555.81000002,,27750572.220000003,,14252486.290000001,,78390898.58000003,,,,221379927.47000003,,4644459.34,,,,(=) MATERIAL DISPONIBLE,14254289.82,,12114099.210000014,,,,26368389.030000016,,151922210.04,,90544851.76999989,,,,242467061.8099999,,88684344.24000001,,195670121.4900006,,,,284354465.7300006,,27912270.480000004,,31253630.6,,,,31253630.6,,0,,6336288.23,,171548245.84,,,,177884534.07000002,,95070113.75,,87564000.20000005,,,,182634113.95000005,,15657083.849999975,,,,15657083.849999975,,9218267.549999997,,,,9218267.549999997,,39697196.18,,5872224.470000001,,,,45569420.65,,,1269343624.5300004,,,,,
(--) INVENTARIO FINAL,23662250.65,,15817569.45,,8214427.04,,6891694.33,,43571782.65,,,,98157724.11999999,,4644459.34,,,,(--) INVENTARIO FINAL,5793242.550000001,,1766195.85,,,,7559438.4,,95415990.6,,28439363.619999997,,,,123855354.22,,47750988.84,,135247991.65,,,,182998980.49,,20209010.34,,30623423.61,,,,30623423.61,,0,,3651617.4499999997,,163299843.73,,,,166951461.17999998,,58405820.15,,77794047.72,,,,136199867.87,,4319547.09,,,,4319547.09,,3308400.25,,,,3308400.25,,27748125.32,,3101654.54,,,,30849779.86,,,809677446.77,,,,,
(=) COSTO MATERIALES,29801163.92,0.8232685267930645,31704986.360000018,0.6898598540019405,19536145.180000003,0.886380302355757,7360791.960000001,0.803904706861521,34819115.93000003,0.8237308624926065,,,123222203.35000004,0.7917950378526548,0,,,,(=) COSTO MATERIALES,8461047.27,0.9366339997504376,10347903.360000014,0.7346884782244721,,,18808950.630000018,0.8135988699662099,56506219.44,0.38626039693216707,62105488.149999894,0.4245354005669603,,,118611707.58999991,0.8107957974991276,40933355.400000006,0.7139129682010699,60422129.8400006,0.8560702839826729,,,101355485.2400006,0.792350897338584,7703260.140000004,0.7483627657037463,630206.9900000021,0.7402319333994124,,,630206.9900000021,0.7402319333994124,0,,2684670.7800000007,0.5677326976501952,8248402.110000014,0.7819652042940851,,,10933072.890000045,0.7156530997908094,36664293.6,0.6306529768246222,9769952.480000049,,,,46434246.08000004,0.637571496826827,11337536.759999976,0.6057980612739149,,,11337536.759999976,0.6057980612739149,5909867.299999997,0.70089336759766,,,5909867.299999997,0.70089336759766,11949070.86,0.892295274704515,2770569.9300000006,,,,14719640.79,0.84985793460994,,459666177.76000047,0.7751169333879474,,,,
(+) VARIACION EN COMPRAS,-1034705.65,,-93205.49,,-662344.54,,-697394.76,,-581927.91,,,,-3069578.3500000006,,0,,,,(+) VARIACIONES STD,-466151.66,,1897.99,,,,-464253.67,,-4940777.48,,-40209.04,,,,-4980986.5200000005,,-3029609.27,,-195910.05,,,,-3225519.32,,178288.91,,-68941.67,,,,-68941.67,,0,,55811.76,,-1311921.28,,,,-1256109.52,,-2448345.72,,-250897.68,,,,-2699243.4000000004,,275101.62,,,,275101.62,,12988.11,,,,12988.11,,-523657.68,,6390.63,,,,-517267.05,,,-15815520.860000003,-0.026669088617037394,,,,
(+) VARIACIONES STD,0,,0,,0.04,,0,,0,,,,0.04,,0,,,,(+) VARIACIONES STD,0,,0,,,,0,,0,,0,,,,0,,0,,-273525.94,,,,-273525.94,,0,,0,,,,0,,0,,0,,-90375.27,,,,-90375.27,,0,,0,,,,0,,21087.74,,,,21087.74,,0,,,,0,,0,,0,,,,0,,,-342813.43000000005,-0.0005780727568007864,,,,
(=) COSTO TOTAL MATERIALES,28766458.270000003,0.7946843883202623,31611780.87000002,0.6878318220389714,18873800.680000003,0.8563288713920528,6663397.200000001,0.7277391348481856,34237188.02000003,0.8099639426151317,0,,120152625.04000005,0.7720706959071159,0,,,,(=) COSTO TOTAL MATERIALES,7994895.609999999,0.8850312276746699,10349801.350000015,0.7348232331923409,,,18344696.960000016,0.7935171403301495,51565441.95999999,0.3524866515021664,62065279.109999895,0.4242605430396902,,,113630721.06999992,0.7767471945418568,37903746.13,0.6610739735645544,59952693.850000605,0.8494192406921576,,,97856439.98000062,0.76499695941382,7881549.0500000045,0.765683326006401,561265.320000002,0.6592540539317725,,,561265.320000002,0.6592540539317725,0,,2740482.5400000005,0.5795353221289422,6846105.5600000145,0.6490246548909185,,,9586588.100000046,0.6275153892422911,34215947.88,0.5885396189768163,9519054.80000005,0.6478707069099724,,,43735002.680000044,0.6005091818304137,11633726.119999975,0.6216243332284203,,,11633726.119999975,0.6216243332284203,5922855.409999997,0.7024337203153308,,,5922855.409999997,0.7024337203153308,11425413.18,0.8531912072082805,2776960.5600000005,0.7068336520446654,,,14202373.739999998,0.8199928371509431,,443507843.47000045,0.7478697720141092,219756360.01999986,219756360.02000004,36551540.48000038,
,,,,,,,,,,,,,,,,,,,,,,,,,,,,,,,,,,,,,,,,,,,,,,,,,,,,,,,,,,,,,,,,,,,,,,,,,,,,,,,,,,,,,,,,,,,,,,,,
MANO DE OBRA,201292.4,,3539427.66,,1853788.6,,1166961.73,,346105.02,,0,,7107575.41,,0,,,,MANO DE OBRA DIRECTA,65615.54,,362297.31,,0,,427912.85,,256816.35,,1878583.56,,0,,2135399.91,,683536.3,,2860944.11,,0,,3544480.41,,326728.41,,150194.76,,0,,150194.76,,0,,160431.89,,2507390.32,,0,,2667822.21,,458148.03,,1014777.71,,0,,1472925.74,,1165885.11,,0,,1165885.11,,253618.98,,0,,253618.98,,397961.21,,0,,0,,397961.21,,,19650505,,,,,
IMPUESTOS S NOMINAS,,,,,,,,,,,,,0,,,,,,,,,,,,,0,,,,,,,,0,,,,,,,,0,,,,,,,,0,,,,,,,,,,0,,,,,,,,0,,,,,,,,,,,,0,,,,,,,,0,,,0,,,,,
MANO DE OBRA INDIRECTA,518154.49,,1730028.94,,448525.07,,348883.97,,671427.22,,0,,3717019.6899999995,,716.39,,,,MANO DE OBRA INDIRECTA,158102.59,,319575.33,,0,,477677.92000000004,,263430.35,,2134783.53,,0,,2398213.88,,379956.63,,2195437.6,,0,,2575394.23,,662573.88,,221136.30000000002,,0,,221136.30000000002,,0,,62025.78,,1072603.85,,0,,1134629.6300000001,,401832.41,,604070.67,,0,,1005903.0800000001,,614269.34,,0,,614269.34,,159892.84,,0,,159892.84,,322668.7,,0,,0,,322668.7,,,13290095.88,,,,,
IMPUESTOS S NOMINAS,,,,,,,,,,,,,0,,,,,,,,,,,,,0,,,,,,,,0,,,,,,,,0,,,,,,,,0,,,,,,,,,,0,,,,,,,,0,,,,,,,,,,,,0,,,,,,,,0,,,0,,,,,
COMBUSTIBLE,0,,76229.46,,0,,0,,0,,0,,76229.46,,0,,,,COMBUSTIBLE,0,,0,,0,,0,,8165.8,,0,,0,,8165.8,,0,,0,,0,,0,,4026.06,,99555.09,,0,,99555.09,,0,,0,,0,,0,,0,,0,,0,,0,,0,,0,,0,,0,,0,,0,,0,,0,,0,,0,,0,,,187976.41,,,,,
ENERGIA ELECTRICA,0,,0,,0,,0,,0,,0,,0,,0,,,,ENERGIA ELECTRICA,0,,0,,0,,0,,0,,0,,0,,0,,0,,0,,0,,0,,0,,0,,0,,0,,0,,0,,0,,0,,0,,0,,0,,0,,0,,0,,0,,0,,0,,0,,0,,0,,0,,0,,0,,,0,,,,,
DEPRECIACIONES Y AMORT.,329196.84,,1088586.38,,141103.44,,63599.22,,162711.63,,0,,1785197.5099999998,,381513.27,,,,DEPRECIACIONES Y AMORT.,389468.14,,225053.83,,0,,614521.97,,1403993.95,,555392.05,,0,,1959386,,714633.45,,1862281.45,,0,,2576914.9,,1568809.46,,408091.58,,0,,408091.58,,0,,7231.32,,307912,,0,,315143.32,,172755.72,,1055844.7,,0,,1228600.42,,401385.03,,0,,401385.03,,89116.6,,0,,89116.6,,1027251.37,,263798.48,,0,,1291049.85,,,12619729.909999998,,,,,
MATERIALES INDIRECTOS,70590.12,,87575.28,,6891.6,,29887.42,,0,,0,,194944.41999999998,,0,,,,MATERIALES INDIRECTOS,0,,40486,,0,,40486,,2612.6,,99513.67,,0,,102126.27,,1.9,,13758.75,,0,,13760.65,,1379.2,,51937.94,,0,,51937.94,,0,,0,,449.12,,0,,449.12,,8.33,,0,,0,,8.33,,166155.7,,0,,166155.7,,3586.16,,0,,3586.16,,0,,2.11,,0,,2.11,,,574835.9000000001,,,,,
EQ PROTECCION Y SEGURIDAD,0,,0,,0,,0,,0,,0,,0,,0,,,,EQ PROTECCION Y SEGURIDAD,0,,0,,0,,0,,0,,0,,0,,0,,0,,0,,0,,0,,0,,0,,0,,0,,0,,0,,0,,0,,0,,0,,0,,0,,0,,0,,0,,0,,0,,0,,0,,0,,0,,0,,0,,,0,,,,,
DIVERSOS,0,,0,,0,,0,,0,,0,,0,,0,,,,DIVERSOS,0,,0,,0,,0,,0,,0,,0,,0,,0,,0,,0,,0,,0,,0,,0,,0,,0,,0,,0,,0,,0,,0,,0,,0,,0,,0,,0,,0,,0,,0,,0,,0,,0,,0,,0,,,0,,,,,
NO DEDUCIBLES,0,,0,,0,,0,,0,,0,,0,,0,,,,NO DEDUCIBLES,0,,0,,0,,0,,0,,0,,0,,0,,0,,0,,0,,0,,0,,0,,0,,0,,0,,0,,0,,0,,0,,0,,0,,0,,0,,0,,0,,0,,0,,0,,0,,0,,0,,0,,0,,,0,,,,,
HERRAMIENTAS Y EQ MENORES,1673.4,,46276.7,,73266.52,,106525.34,,191130.97,,0,,418872.93,,0,,,,HERRAMIENTAS Y EQ MENORES,0,,3071.14,,0,,3071.14,,776.47,,11090.65,,0,,11867.119999999999,,0,,146807.46,,0,,146807.46,,15989.44,,1258.4,,0,,1258.4,,0,,0,,0,,0,,0,,5623.24,,0,,0,,5623.24,,1125,,0,,1125,,5839.99,,0,,5839.99,,23262.92,,8158.5,,0,,31421.42,,,641876.14,,,,,
PRUEBAS DE LABORATORIO,0,,0,,0,,0,,0,,0,,0,,0,,,,PRUEBAS DE LABORATORIO,0,,0,,0,,0,,0,,0,,0,,0,,0,,0,,0,,0,,0,,0,,0,,0,,0,,0,,0,,0,,0,,0,,0,,0,,0,,0,,0,,0,,0,,0,,0,,0,,0,,0,,0,,,0,,,,,
TELEFONOS,0,,0,,0,,0,,0,,0,,0,,0,,,,TELEFONOS,0,,0,,0,,0,,0,,0,,0,,0,,0,,0,,0,,0,,0,,0,,0,,0,,0,,0,,0,,0,,0,,0,,0,,0,,0,,0,,0,,0,,0,,0,,0,,0,,0,,0,,0,,,0,,,,,
ARRENDAMIENTO DE EQUIPOS,16063,,0,,0,,0,,0,,0,,16063,,0,,,,ARRENDAMIENTO DE EQUIPOS,24500,,0,,0,,24500,,4500,,0,,0,,4500,,86796.02,,0,,0,,86796.02,,25000,,0,,0,,0,,0,,0,,0,,0,,0,,8143,,0,,0,,8143,,0,,0,,0,,0,,0,,0,,11698.63,,0,,0,,11698.63,,,176700.65000000002,,,,,
ARRENDAMIENTO,0,,0,,0,,0,,0,,0,,0,,0,,,,ARRENDAMIENTO,0,,0,,0,,0,,0,,0,,0,,0,,0,,0,,0,,0,,0,,0,,0,,0,,0,,0,,0,,0,,0,,0,,0,,0,,0,,0,,0,,0,,0,,0,,0,,0,,0,,0,,0,,,0,,,,,
SEGUROS,0,,0,,0,,0,,0,,0,,0,,0,,,,SEGUROS,0,,0,,0,,0,,0,,0,,0,,0,,0,,0,,0,,0,,0,,0,,0,,0,,0,,0,,0,,0,,0,,0,,0,,0,,0,,0,,0,,0,,0,,0,,0,,0,,0,,0,,0,,,0,,,,,
MAQUILA,0,,1742,,58870.45,,0,,160720.88,,0,,221333.33000000002,,0,,,,MAQUILA,0,,0,,0,,0,,0,,0,,0,,0,,0,,0,,0,,0,,6210,,0,,0,,0,,0,,0,,0,,0,,0,,0,,0,,0,,0,,0,,0,,0,,0,,0,,0,,0,,0,,0,,0,,,227543.33000000002,,,,,
RECOLECCION DE BASURA ,46926.15,,0,,0,,0,,7800,,0,,54726.15,,0,,,,,9450,,0,,0,,9450,,24333,,0,,0,,24333,,18025,,22300,,0,,40325,,14415,,15025,,0,,15025,,0,,4997.64,,11661.15,,0,,16658.79,,38669.32,,0,,0,,38669.32,,0,,0,,0,,4550,,0,,4550,,0,,0,,0,,0,,,218152.26,,,,,
MANTENIMIENTO INSTALACIONES,40804.2,,53708.78,,9370,,23400,,40238.1,,0,,167521.08,,0,,,,MANTENIMIENTO,4728.45,,0,,0,,4728.45,,13642.09,,2071.42,,0,,15713.51,,3511.64,,34683.14,,0,,38194.78,,36998.68,,3664.91,,0,,3664.91,,0,,0,,0,,0,,0,,0,,0,,0,,0,,0,,0,,0,,1352.59,,0,,1352.59,,25183.41,,0,,0,,25183.41,,,293357.41,,,,90578475.00439078,
MANTENIMIENTO ACTIVO FIJO,161182.95,,332879.8700000001,,168624.49000000002,,41984.74999999999,,62181.65,,0,,766853.7100000002,,5341.09,,,,MANTENIMIENTO,24037.5,,138399.93,,0,,162437.43,,143974.11,,262298.37,,0,,406272.48,,376937.83,,591155.81,,0,,968093.6400000001,,201723.56999999995,,60936.68,,0,,60936.68,,0,,97664.70999999999,,15655.890000000001,,0,,113320.59999999999,,453624.79000000004,,220791.52,,0,,674416.31,,69097.04,,0,,69097.04,,100541.18,,0,,100541.18,,5991.22,,18980.8,,0,,24972.02,,,3554005.750000001,,,,,
MANTENIMIENTO MAYORES FABRIC,0,0,0,0,0,0,0,0,0,0,0,,0,,0,,,,MANTENIMIENTO,0,0,0,0,0,,0,,0,0,0,0,0,,0,,0,,0,0,0,,0,,0,0,0,0,0,,0,,0,0,0,0,0,0,0,,0,,0,0,0,0,0,,0,,0,0,0,,0,,0,0,0,,0,,0,0,0,0,0,,0,,,0,,,,,
FLETES MERCANCIAS,67848.08,,7157,,31470.690000000002,,0,,55386.7,,0,,161862.47,,0,,,,,0,,0,,0,,0,,24589.19,,25812.5,,0,,50401.69,,0,,37061.72,,0,,37061.72,,12678.55,,11197.580000000002,,0,,11197.580000000002,,0,,0,,162562.65999999997,,0,,162562.65999999997,,0,,177813.85,,0,,177813.85,,7274,,0,,7274,,0,,0,,0,,0,,0,,0,,0,,,620852.52,,,,,
FLETES INTERPLANTAS,104000,,93607.47,,6200,,0,,15400,,0,,219207.47,,0,,,,,0,,153780.24,,0,,153780.24,,0,,78325.45,,0,,78325.45,,0,,489029.02,,0,,489029.02,,0,,1269.21,,0,,1269.21,,0,,567261.77,,152286.41,,0,,719548.18,,177750,,14431.04,,0,,192181.04,,51924,,0,,51924,,6000,,0,,6000,,74000,,220200,,0,,294200,,,2205464.61,,,,,
FLETES REFACCIONES,276490.47000000003,,136490.04,,0,,0,,0,,0,,412980.51,,0,,,,,0,,6070.87,,0,,6070.87,,10007.73,,36190.659999999996,,0,,46198.39,,19169.73,,72754.07,,0,,91923.8,,9404.16,,5841.719999999999,,0,,5841.719999999999,,0,,0,,0,,0,,0,,20579.7,,10768.439999999999,,0,,31348.14,,10079.27,,0,,10079.27,,4388.33,,0,,4388.33,,0,,0,,0,,0,,,618235.1900000001,,,,,
FLETES ACTIVOS FIJOS FABRIC,0,0,0,0,0,0,0,0,0,0,0,,0,,0,,,,,0,0,0,0,0,,0,,0,0,0,0,0,,0,,0,,0,0,0,,0,,0,0,0,0,0,,0,,0,0,0,0,0,0,0,,0,,0,0,0,0,0,,0,,0,0,0,,0,,0,0,0,,0,,0,0,0,0,0,,0,,,0,,,,,
GASTOS DE IMPORTACION MERCANCIAS,77133.87000000001,,53326.66999999999,,2047.6400000000003,,0,,0,,0,,132508.18000000002,,0,,,,,0,,0,,0,,0,,776789.48,,-18705.95,,0,,758083.53,,13719.95,,66219.02000000002,,0,,79938.97000000002,,15886.07,,135895.56,,0,,135895.56,,0,,0,,376838.67,,0,,376838.67,,124438.58000000002,,120088.75,,0,,244527.33000000002,,0,,0,,0,,0,,0,,0,,8847.33,,0,,0,,8847.33,,,1752525.6400000001,,,,,
GASTOS DE IMPORTACION REFACCIONES,668157.69,,-5418.28,,0,,0,,0,,0,,662739.4099999999,,0,,,,,0,,4054.97,,0,,4054.97,,2560.28,,93123.51000000001,,0,,95683.79000000001,,13343.98,,2354.2699999999995,,0,,15698.25,,3124.8499999999995,,33822.56,,0,,33822.56,,0,,14227.48,,5916.92,,0,,20144.4,,36718.119999999995,,20051.78,,0,,56769.899999999994,,21516.100000000002,,0,,21516.100000000002,,3426,,0,,3426,,0,,35708.2,,0,,35708.2,,,952688.4299999998,,,,,
GASTOS DE IMPORTACION ACTIVOS FIJOS,0,,0,,0,,0,,0,,0,,0,,0,,,,,0,,0,,0,,0,,0,,0,,0,,0,,0,,0,,0,,0,,0,,0,,0,,0,,0,,0,,0,,0,,0,,0,,0,,0,,0,,0,,0,,0,,0,,0,,0,,0,,0,,0,,0,,,0,,,,,
HONORARIOS,17850,0,-3800,0,2800,0,0,0,0,0,0,,16850,,0,0,,,,0,0,1400,0,0,,1400,,28000,0,18200,0,0,,46200,,10650,,11352.99,0,0,,22002.989999999998,,5120,0,5000,0,0,,5000,,0,0,1400,0,8397.26,0,0,,9797.26,,20820.69,0,11200,0,0,,32020.69,,7500,0,0,,7500,,1400,0,0,,1400,,0,0,1800,0,0,,1800,,,149090.93999999997,,,,,
(+) GASTOS DE FABRICACION,2597363.66,0.07175316238165379,7237817.97,0.15748563936858348,2802958.5000000005,0.12717387078307119,1781242.43,0.19453737876575622,1713102.1700000002,0.0405275978536901,0,,16132484.730000002,0.10366330912916372,387570.75000000006,,,,(+) GASTOS DE FABRICACION,675902.22,0.07482206156718473,1254189.62,0.08904592855829761,0,,1930091.8399999999,0.08348793990933034,2964191.4,0.048003087639069096,5176679.42,0.06123315448118082,0,,8140870.819999999,0.055648670632541905,2320282.43,0.04046772370549645,8406139.41,0.1190995115692295,0,,10726421.840000004,0.08385426748272294,2910067.33,0.2827096574545794,1204827.29,1.4151725519405483,0,,1204827.29,1.4151725519405483,0,,915240.5900000001,0.19354775752416695,4621674.25,0.43814406728553107,0,,5536914.84,0.3624333532202141,1919111.9299999997,0.03301014509424902,3249838.46,0.22118531562854385,0,,5168950.390000001,0.07097295025525067,2516210.590000001,0.13444856051597026,0,,2516210.590000001,0.13444856051597026,633712.67,0.0751565111056901,0,,633712.67,0.0751565111056901,1896864.7899999998,0.14164812550708833,548648.09,0.13965014077910784,0,,2445512.8800000004,0.1411949214596837,,57733635.96999999,0.09735395169702347,57746428.01,-12792.040000006557,,
(=) COSTO DE VENTA,31363821.930000003,0.8664375507019161,38849598.84000002,0.8453174614075549,21676759.180000003,0.983502742175124,8444639.63,0.9222765136139418,35950290.190000035,0.8504915404688219,0,,136285109.77000004,0.8757340050362795,387570.75000000006,,,,(=) COSTO DE VENTA,8670797.83,0.9598532892418548,11603990.970000014,0.8238691617506384,0,,20274788.800000016,0.8770050802394799,54529633.35999999,0.8830707656416471,67241958.5299999,0.7953819234733756,0,,121771591.88999991,0.8323958651743987,40224028.56,0.7015416972700509,68358833.2600006,0.9685187522613871,0,,108582861.82000062,0.8488512268965429,10791616.380000005,1.0483929834609804,1766092.6100000022,2.074426605872321,0,,1766092.6100000022,2.074426605872321,0,,3655723.130000001,0.7730830796531092,11467779.810000014,1.0871687221764494,0,,15123502.940000046,0.9899487424625052,36135059.81,0.6215497640710653,12768893.26000005,0.8690560225385163,0,,48903953.070000045,0.6714821320856644,14149936.709999975,0.7560728937443905,0,,14149936.709999975,0.7560728937443905,6556568.079999997,0.7775902314210209,0,,6556568.079999997,0.7775902314210209,13322277.969999999,0.9948393327153687,3325608.6500000004,0.8464837928237732,0,,16647886.62,0.9611877586106268,,501241479.4400004,0.8452237237111326,32447869.00000004,,,
,,,,,,,,,,,,,,,,,,,,,,,,,,,,,,,,,,,,,,,,,,,,,,,,,,,,,,,,,,,,,,,,,,,,,,,,,,,,,,,,,,,,,,,,,,,,,,,,
UTILIDAD BRUTA,4834773.000000004,0.13356244929808392,7108991.409999996,0.15468253859244505,363605.58000003174,0.016497257824875995,711659.4899999965,0.07772348638605821,6319724.829999961,0.14950845953117814,0,0,19338754.310000002,0.12426599496372046,-387570.75000000006,-0.042328318998822764,,,UTILIDAD BRUTA,362663.7700000126,0.04014671075814526,2480758.7799999863,0.1761308382493616,0,0,2843422.549999997,0.12299491976052011,7220382.019999906,0.11692923435835294,17298507.56000012,0.20461807652662442,0,0,24518889.58,0.16760413482560133,17112589.800000623,0.29845830272994905,2221971.8099994212,0.03148124773861297,0,0,19334561.610000014,0.15114877310345712,-498132.40000000596,-0.04839298346098034,-914728.3800000021,-1.0744266058723209,0,0,-914728.3800000021,-0.007150928743499611,0,,1073035.299999998,0.22691692034689076,-919481.6700000186,-0.0871687221764495,0,0,153553.6299999468,0.010051257537494794,22001974.260000028,0.37845023592893473,1923937.7299999483,0.13094397746148365,0,0,23925911.989999972,0.3285178679143356,4565106.280000031,0.32411696061550765,0,0,4565106.280000031,0.24392710625560948,1875338.360000004,0.13314672914227701,0,0,1875338.360000004,0.22240976857897912,69108.48999997601,0.0011887171594747296,603124.1599999997,0.04104887345471329,0,0,672232.6499999743,0.009230178436362108,,91786692.13000023,0.1547762762888673,,,,
, ,,,,,,,,,,,,,,,,,,,,,,,,,,,,,,,,,,,,,,,,,,,,,,,,,,,,,,,,,,,,,,,,,,,,,,,,,,,,,,,,,,,,,,,,,,,,,,,
LABOR INDIRECTA,50289.43,,27631.3,,0,,54853.22,,278014.93,,1853090.5,,2263879.38,,162965.9,,,,MANO DE OBRA INDIRECTA,0,,0,,144511.68,,144511.68,,0,,185079.24,,1175034.16,,1360113.4,,277440.57,,603724.88,,1341110.56,,2222276.01,,328432.52,,289502.52,,0,,289502.52,,0,,0,,58884.16,,845803.29,,904687.4500000001,,38552.66,,146385.61,,1309756.41,,1494694.68,,516770,,0,,516770,,179339.1,,0,,179339.1,,29695.72,,0,,91134.03,,120829.75,,,9988002.389999999,,,,,
LABOR INDIRECTA,12210.51,,4586.01,,0,,13373.12,,69632.71,,444084.79,,543887.14,,36624.71,,,,IMPTOS S/SALARIOS,0,,0,,33196.46,,33196.46,,0,,45258.16,,294832.03,,340090.19000000006,,76293.12,,149751.92,,331640.21,,557685.25,,78599.25,,72392.8,,0,,72392.8,,0,,0,,14294.83,,188168.77,,202463.59999999998,,8578.62,,37044.36,,299966.18,,345589.16,,133895.13,,0,,133895.13,,44896.86,,0,,44896.86,,7140.28,,0,,21762.63,,28902.91,,,2418223.46,,,,,
COMBUSTIBLE,0,,0,,0,,0,,0,,0,,0,,0,,,,COMBUSTIBLE ,0,,0,,0,,0,,0,,0,,-63697.37,,-63697.37,,0,,0,,27276,,27276,,0,,432.67,,0,,432.67,,0,,0,,6981.4,,0,,6981.4,,0,,0,,37400.16,,37400.16,,1373.95,,0,,1373.95,,0,,0,,0,,0,,0,,0,,0,,,9766.810000000001,,,,,
ENERGIA ELECTRICA,0,,0,,0,,0,,372.38,,867235.52,,867607.9,,40840.31,,,,ENERGIA ELECTRICA,0,,0,,83857.58,,83857.58,,0,,0,,217965.37,,217965.37,,0,,663839.05,,0,,663839.05,,548361.89,,551.77,,0,,551.77,,0,,0,,0,,112487.05,,112487.05,,0,,0,,43112.97,,43112.97,,151581.41,,0,,151581.41,,41880.75,,0,,41880.75,,0,,0,,172339.66,,172339.66,,,2944425.7100000004,,,,,
DEPRECIACIONES Y AMORT.,12687.32,,455.06,,0,,0,,1447.01,,101086.27,,115675.66,,0,,,,DEPRECIACIONES Y AMORT.,528.89,,0,,83898.51,,84427.4,,726.6,,3377.56,,139357.41,,143461.57,,4191.73,,13907.3,,215515.33,,233614.36,,3500.18,,3798,,0,,3798,,0,,0,,9432.15,,56162.93,,65595.08,,0,,4855.26,,175195.02,,180050.28,,25225.28,,0,,25225.28,,2167.11,,0,,2167.11,,6548.42,,0,,5280.02,,11828.44,,,869343.36,,,,,
TRANSPORTE DE PERSONAL,0,,0,,0,,0,,9333.55,,25000,,34333.55,,0,,,,TRANSPORTE DE PERSONAL,0,,0,,0,,0,,0,,0,,451951.52,,451951.52,,0,,0,,1274763.32,,1274763.32,,129171.41,,86697.54,,0,,86697.54,,0,,0,,0,,0,,0,,0,,0,,357300,,357300,,169495,,0,,169495,,0,,0,,0,,0,,0,,0,,0,,,2503712.34,,,,,
DERECHOS Y CONTRIB,2411.76,,5767.69,,80.67,,0,,34974.32,,113579.36,,156813.8,,54592.81,,,,DERECHOS Y CONTRIB,0,,1240,,36487.42,,37727.42,,0,,2204.46,,69164.74,,71369.20000000001,,0,,62751.54,,86847.3,,149598.84,,37682.62,,64613.94,,0,,64613.94,,0,,0,,0,,37455.56,,37455.56,,0,,8306.68,,159872.47,,168179.15,,51780.11,,0,,51780.11,,5839.11,,0,,5839.11,,10275.05,,6862.95,,156091.07,,173229.07,,,1008881.6299999999,,,,,
DIVERSOS,0,,0,,0,,0,,4272,,205946.37,,210218.37,,0,,,,DIVERSOS,600,,0,,13570.41,,14170.41,,0,,0,,157710.7,,157710.7,,0,,0,,77336.53,,77336.53,,10512.73,,4492.73,,0,,4492.73,,0,,0,,0,,49314.25,,49314.25,,0,,0,,40318.98,,40318.98,,26276.37,,0,,26276.37,,6649.59,,0,,6649.59,,18000,,0,,4213.86,,22213.86,,,619214.5199999999,,,,,
NO DEDUCIBLES,120.57,,0,,0,,0,,965,,6249.09,,7334.66,,0,,,,NO DEDUCIBLES,0,,0,,59.7,,59.7,,197,,1804.76,,0,,2001.76,,0,,9199.43,,4048,,13247.43,,0,,0,,0,,0,,0,,0,,56,,19,,75,,0,,11365,,17821.2,,29186.2,,1047,,0,,1047,,2800,,0,,2800,,1312.86,,0,,29.8,,1342.6599999999999,,,57094.41,,,,,
EQUIPOS MENORES,0,,0,,0,,0,,0,,10641.92,,10641.92,,0,,1,,EQUIPOS MENORES,0,,0,,0,,0,,614.31,,6664.12,,8691.49,,15969.92,,0,,0,,4755.85,,4755.85,,0,,0,,0,,0,,0,,0,,0,,1510.74,,1510.74,,0,,0,,0,,0,,329.95,,0,,329.95,,0,,0,,0,,0,,0,,539946.4,,539946.4,,,573154.78,,,,,
GASTOS DE VIAJE,1043.97,,9691.23,,0,,16679,,0,,15243.34,,42657.53999999999,,0,,,,GASTOS DE VIAJE,0,,0,,22669,,22669,,5700.59,,4307.11,,6828.19,,16835.89,,5379.11,,6091.63,,65027.49,,76498.23,,0,,6703.68,,0,,6703.68,,0,,0,,0,,1548.05,,1548.05,,0,,0,,21453.75,,21453.75,,3365.29,,0,,3365.29,,0,,0,,0,,9645.06,,8083.46,,17547.11,,35275.630000000005,,,227007.05999999997,,,,,
TELEFONO,0,,0,,0,,0,,6483.46,,27098.7,,33582.16,,1162.93,,,,TELEFONO,0,,0,,9358.41,,9358.41,,0,,9483.4,,29442.91,,38926.31,,0,,5219.16,,22570,,27789.16,,3395,,5406.85,,0,,5406.85,,0,,0,,0,,20971.57,,20971.57,,0,,0,,41063.5,,41063.5,,12212.9,,0,,12212.9,,11567.32,,0,,11567.32,,0,,0,,7980,,7980,,,213416.11000000002,,,,,
ARRENDAM MAQ Y EQUIPO,0,,0,,0,,0,,4980.95,,17433.29,,22414.24,,0,,,,ARRENDAM MAQ Y EQUIPO,0,,0,,1660.31,,1660.31,,0,,0,,0,,0,,0,,0,,0,,0,,0,,0,,0,,0,,0,,0,,0,,4980.94,,4980.94,,0,,0,,9961.88,,9961.88,,3320.62,,0,,3320.62,,0,,0,,0,,1660.31,,0,,0,,1660.31,,,43998.3,,,,,
ARRENDAMIENTO,1105729.51,,2211459.03,,176916.72,,265375.08,,1150978.77,,663437.71,,5573896.82,,1496956.65,,,,ARRENDAMIENTO,172184.75,,545251.72,,0,,717436.47,,1590008.21,,2594223.91,,0,,4184232.12,,1843096.29,,4258187.9799999995,,284031.78,,6385316.05,,1121265.67,,746834.93,,0,,746834.93,,0,,0,,0,,0,,0,,2701469.58,,4599799.56,,34754.09,,7336023.2299999995,,1715246.38,,0,,1715246.38,,690027.34,,0,,690027.34,,0,,0,,2965323.44,,2965323.44,,,32932559.1,,,,,
MENSAJERIA Y PAQUETERIA,0,,0,,0,,0,,0,,0,,0,,0,,,,MENSAJERIA Y PAQUETERIA,0,,0,,0,,0,,0,,0,,0,,0,,0,,0,,0,,0,,0,,0,,0,,0,,0,,0,,0,,0,,0,,0,,0,,0,,0,,0,,0,,0,,0,,0,,0,,0,,0,,0,,0,,,0,,,,,
SEGUROS,0,,76768.99,,0,,0,,978.28,,274889.66,,352636.93,,40541.92,,,,SEGUROS,0,,3631.31,,51177.01,,54808.32,,0,,67708.23,,300109.79,,367818.01999999996,,0,,47990.86,,334372.75,,382363.61,,98852.22,,36501.38,,0,,36501.38,,0,,707.52,,6428.32,,114875.09,,122010.93,,0,,42504.95,,277138.14,,319643.09,,82959.66,,0,,82959.66,,18824.65,,0,,18824.65,,0,,0,,129133.53,,129133.53,,,2006094.2599999995,,,,,
HONORARIOS,38092.09,,353533.43,,112322.83,,65440.26,,69326.07,,104174.5,,742889.1799999999,,0,,,,HONORARIOS,10743.92,,78708.17,,8790.48,,98242.56999999999,,23441.29,,261761.02,,53859.29,,339061.6,,26371.45,,497653.48,,116078.84,,640103.77,,85811.94,,50494.53,,0,,50494.53,,0,,0,,5676.36,,271528.22,,277204.57999999996,,17580.96,,158728.85,,50679.799999999996,,226989.61,,141353.48,,0,,141353.48,,46613.16,,0,,46613.16,,38092.09,,0,,0,,38092.09,,,2686856.51,,,,,
PAPELERIA,3179,,790,,0,,6188,,36060,,17468.83,,63685.83,,0,,,,PAPELERIA,862.07,,750,,3356.12,,4968.1900000000005,,0,,7883.09,,12155.35,,20038.440000000002,,2550,,33822.8,,1547.2,,37920,,2373.55,,3411.12,,0,,3411.12,,0,,0,,1856.75,,440,,2296.75,,2160,,0,,9598.43,,11758.43,,15689.93,,0,,15689.93,,1355.97,,0,,1355.97,,0,,0,,0,,0,,,163498.21,,,,,
COMEDOR,15660,,165242,,95990,,50808,,23236.4,,329082.87,,680019.27,,0,,,,PAPELERIA,0,,0,,0,,0,,0,,0,,206929.52,,206929.52,,71120,,240360,,54530,,366010,,55580,,24640,,0,,24640,,0,,0,,0,,0,,0,,27880,,61948,,107984,,197812,,165132,,0,,165132,,0,,0,,0,,0,,0,,52445,,52445,,,1748567.79,,,,,
CAPACITACION Y ADIESTRAMIENTO,0,,0,,0,,0,,0,,8166.67,,8166.67,,0,,,,,0,,0,,1458.33,,1458.33,,0,,0,,11383.67,,11383.67,,0,,0,,7935,,7935,,2612.97,,437.5,,0,,437.5,,0,,0,,0,,4433.33,,4433.33,,0,,0,,1483.33,,1483.33,,14015.8,,0,,14015.8,,2658.33,,0,,2658.33,,0,,0,,0,,0,,,54584.93000000001,,,,,
EQUIPO DE TRABAJO,0,,0,,0,,0,,3570.39,,19770.59,,23340.98,,0,,,,EQUIPO DE TRABAJO,0,,0,,2725.24,,2725.24,,0,,0,,5344.62,,5344.62,,0,,0,,9743.8,,9743.8,,12797.76,,4408.33,,0,,4408.33,,0,,0,,0,,4032.56,,4032.56,,0,,0,,4439.36,,4439.36,,11265.96,,0,,11265.96,,1676.35,,0,,1676.35,,0,,0,,0,,0,,,79774.95999999999,,,,,
DONATIVOS,0,,0,,0,,0,,0,,0,,0,,0,,,,PAPELERIA,0,,0,,0,,0,,0,,0,,0,,0,,0,,0,,0,,0,,0,,0,,0,,0,,0,,0,,0,,0,,0,,0,,0,,0,,0,,0,,0,,0,,0,,0,,0,,0,,0,,0,,0,,,0,,,,,
RECLUTAMIENTO,0,,0,,0,,0,,0,,399204,,399204,,0,,,,RECLUTAMIENTO,0,,0,,0,,0,,0,,0,,0,,0,,0,,28000,,0,,28000,,0,,0,,0,,0,,0,,0,,0,,0,,0,,0,,0,,0,,0,,0,,0,,0,,0,,0,,0,,0,,0,,0,,0,,,427204,,,,,
ARTICULOS DE LIMPIEZA,845,,0,,0,,0,,6605,,54807.56,,62257.56,,0,,,,ARTICULOS DE LIMPIEZA,0,,0,,4787.55,,4787.55,,4119.3,,0,,33179.74,,37299.04,,698,,0,,0,,698,,6518.84,,3663.02,,0,,3663.02,,0,,0,,0,,7620.99,,7620.99,,0,,0,,29843.79,,29843.79,,8943,,0,,8943,,1679,,0,,1679,,0,,0,,3132.5,,3132.5,,,166443.29,,,,,
MANTENIMIENTO INSTALACIONES,3293.69,,0,,0,,0,,5195.63,,118901.95,,127391.26999999999,,0,,,,MANTENIMIENTO,0,,0,,34042,,34042,,0,,0,,78382.48,,78382.48,,0,,0,,17498.45,,17498.45,,0,,0,,0,,0,,,,0,,2197.69,,8737.2,,10934.890000000001,,14280.32,,3686.08,,14997.420000000002,,32963.82000000001,,36585.66,,0,,36585.66,,5420,,0,,5420,,574.14,,0,,20168,,20742.14,,,363960.7100000001,,,,,
MANTENIMIENTO ACTIVO FIJO,0,,0,,0,,0,,1898.4499999999998,,36130.21,,38028.659999999996,,0,,,,MANTENIMIENTO,0,,16277,,1860.35,,18137.35,,0,,0,,16699.29,,16699.29,,0,,0,,8958.68,,8958.68,,12480,,5438.79,,0,,5438.79,,,,0,,800,,-4830.06,,-4030.0600000000004,,0,,0,,5550,,5550,,9513.76,,0,,9513.76,,1215,,0,,1215,,0,,805,,0,,805,,,112796.46999999997,,,,,
MANTENIMIENTO MAYORES ADMON,0,0,0,0,0,0,0,0,0,0,0,,0,,0,0,,,MANTENIMIENTO,0,0,0,0,0,,0,,0,0,0,0,0,,0,,0,,0,0,0,,0,,0,0,0,,0,,0,,,,0,0,0,0,0,,0,,0,0,0,0,0,,0,,0,0,0,,0,,0,0,0,,0,,0,0,0,0,0,,0,,,0,,,,,
GASTOS DE ADMON PLANTA,1245562.85,0,2855924.74,0,385310.22000000003,0,472716.68000000005,0,1708325.2999999998,0,5712723.699999999,0,12380563.49,0.0795544022967817,1833685.2299999997,,,,GASTOS DE ADMINISTRACION,184919.63000000003,0.020470517082842282,645858.2000000001,0.045855142012729055,537466.5599999999,0,1368244.3900000001,0.05918469942528661,1624807.3,0.026312662272247076,3189755.06,0.03773051187823182,3205324.9000000013,0,8019887.26,0.05482166152857084,2307140.27,0.040238513117639936,6620500.03,0.09380029065174275,4285587.09,0,13213227.389999997,0.10329497761679494,2537948.55,0.24655875065538307,1410422.1000000003,1.6566612153766433,0,0,1410422.1000000003,0.01102603587674525,0,,707.52,0.0016640262640900858,106607.65999999999,0.008329102540342002,1725259.4800000002,0,1832574.6600000001,0.11995600406420442,2810502.1399999997,0.04834271622140215,5074624.35,0.3453809788905766,3049690.88,0,10934817.369999997,0.1501419419216482,3297378.64,0.2341098492005511,0,0,3297378.64,0.17618867569590332,1064609.6400000001,0.07558598192346301,0,0,1064609.6400000001,0.1262596599684282,122943.93,0.0021147265588397418,15751.41,0.0010720473141439164,4186527.05,0,4325222.39,0.05938803245669502,,62218581.11,0.10491673767416589,65240242.86,-3021661.75,0,
,,,,,,,,,,,,,,,,,,,,,,,,,,,,,,,,,,,,,,,,,,,,,,,,,,,,,,10502,,10508,,10520,,,,,,,,,,,,,,,,,,,,,,,,,,,,,,,,,,,53680415.39000013,,, 
LABOR INDIRECTA,280991.43,,425459.26,,0,,0,,388214.9,,0,,1094665.5899999999,,0,,,,MANO DE OBRA INDIRECTA,0,,72679.41,,0,,72679.41,,0,,658488.31,,0,,658488.31,,0,,558449.01,,0,,558449.01,,0,,40650.46,,0,,40650.46,,0,,63371.26,,0,,0,,63371.26,,0,,275829,,0,,275829,,114701.67,,0,,114701.67,,113738.4,,0,,113738.4,,56591.58,,0,,0,,56591.58,,,3049164.6899999995,,,,,
LABOR INDIRECTA,66920.22,,96337.28,,0,,0,,88247.78,,0,,251505.28,,0,,,,BENEFICIO LABOR INDIRECTA,0,,17857,,0,,17857,,0,,148972.69,,0,,148972.69,,0,,125791.42,,0,,125791.42,,0,,10069.93,,0,,10069.93,,0,,15450.93,,0,,0,,15450.93,,0,,64673.37,,0,,64673.37,,26763.11,,0,,26763.11,,28174.73,,0,,28174.73,,14158.89,,0,,0,,14158.89,,,703417.3500000001,,,,,
COMBUSTIBLE ,0,,320318.62,,0,,0,,112349.08,,0,,432667.7,,0,,,,COMBUSTIBLE ,0,,34482.76,,0,,34482.76,,0,,482997.1,,0,,482997.1,,0,,315206.03,,0,,315206.03,,0,,0,,0,,0,,0,,9855.03,,0,,0,,9855.03,,0,,178425.61,,0,,178425.61,,39901.06,,0,,39901.06,,43302.32,,0,,43302.32,,0,,0,,0,,0,,,1536837.61,,,,,
ENERGIA ELECTRICA,0,,0,,0,,0,,0,,0,,0,,0,,,,ENERGIA ELECTRICA,0,,0,,0,,0,,0,,0,,0,,0,,0,,0,,0,,0,,0,,0,,0,,0,,0,,0,,0,,0,,0,,0,,0,,0,,0,,0,,0,,0,,0,,0,,0,,0,,0,,0,,0,,,0,,,,,
DEPRECIACIONES Y AMORT.,0,,25415.43,,104622.52,,33875.01,,24956.9,,0,,188869.86000000002,,0,,,,DEPRECIACIONES Y AMORT.,0,,5000.22,,0,,5000.22,,80.55,,0,,0,,80.55,,5863.08,,10261.14,,0,,16124.22,,0,,0,,0,,0,,0,,0,,0,,0,,0,,0,,502.74,,0,,502.74,,6212.28,,0,,6212.28,,6376.21,,0,,6376.21,,0,,0,,0,,0,,,223166.08,,,,,
GASTOS EXPORTACION,0,,2855,,0,,0,,32518,,0,,35373,,0,,,,GASTOS EXPORTACION,0,,0,,0,,0,,1106,,4178,,0,,5284,,1890,,26707.14,,0,,28597.14,,770,,0,,0,,0,,0,,0,,37093.25,,0,,37093.25,,15087.23,,14584,,0,,29671.23,,10209,,0,,10209,,0,,0,,0,,0,,906,,0,,906,,,147903.62,,,,,
EQ PROTECCION Y SEGURIDAD,0,,0,,0,,0,,0,,0,,0,,0,,,,EQ PROTECCION Y SEGURIDAD,0,,0,,0,,0,,0,,0,,0,,0,,0,,0,,0,,0,,0,,0,,0,,0,,0,,0,,0,,0,,0,,0,,0,,0,,0,,0,,0,,0,,0,,0,,0,,0,,0,,0,,0,,,0,,,,,
DIVERSOS,0,,0,,0,,0,,0,,0,,0,,0,,,,DIVERSOS,0,,0,,0,,0,,0,,0,,0,,0,,0,,0,,0,,0,,0,,0,,0,,0,,0,,0,,0,,0,,0,,0,,0,,0,,0,,0,,0,,0,,0,,0,,0,,0,,0,,0,,0,,,0,,,,,
NO DEDUCIBLES,0,,0,,0,,0,,0,,0,,0,,0,,,,NO DEDUCIBLES,0,,0,,0,,0,,0,,0,,0,,0,,0,,0,,0,,0,,0,,0,,0,,0,,0,,0,,0,,0,,0,,0,,0,,0,,0,,0,,0,,0,,0,,0,,0,,0,,0,,0,,0,,,0,,,,,
EQUIPOS MENORES,0,,0,,0,,0,,0,,0,,0,,0,,,,EQUIPOS MENORES,0,,0,,0,,0,,0,,0,,0,,0,,0,,0,,0,,0,,0,,0,,0,,0,,0,,0,,0,,0,,0,,0,,0,,0,,0,,0,,0,,0,,0,,0,,0,,0,,0,,0,,0,,,0,,,,,
GASTOS DE VIAJE,0,,23896.55,,0,,0,,330.69,,0,,24227.239999999998,,0,,,,GASTOS DE VIAJE,0,,38762.2,,0,,38762.2,,0,,158871.28,,0,,158871.28,,0,,93706.35,,0,,93706.35,,0,,6057.76,,0,,6057.76,,0,,0,,0,,0,,0,,0,,141018.02,,0,,141018.02,,0,,0,,0,,195.69,,0,,195.69,,0,,0,,0,,0,,,462838.54,,,,,
TELEFONO,0,,0,,0,,0,,0,,0,,0,,0,,,,TELEFONO,0,,0,,0,,0,,400,,0,,0,,400,,0,,2432.75,,0,,2432.75,,0,,0,,0,,0,,0,,0,,0,,0,,0,,0,,0,,0,,0,,0,,0,,0,,0,,0,,0,,0,,0,,0,,0,,,2832.75,,,,,
ARRENDAM MAQ Y EQUIPO,0,,0,,0,,0,,0,,0,,0,,0,,,,ARRENDAM MAQ Y EQUIPO,0,,0,,0,,0,,0,,0,,0,,0,,0,,19849.17,,0,,19849.17,,0,,0,,0,,0,,0,,0,,0,,0,,0,,0,,0,,0,,0,,0,,0,,0,,0,,0,,0,,0,,0,,0,,0,,,19849.17,,,,,
ARRENDAMIENTO,0,,0,,0,,0,,0,,0,,0,,0,,,,ARRENDAMIENTO,0,,0,,0,,0,,0,,0,,0,,0,,0,,0,,0,,0,,0,,0,,0,,0,,0,,0,,0,,0,,0,,0,,0,,0,,0,,0,,0,,0,,0,,0,,0,,0,,0,,0,,0,,,0,,,,,
FLETES,18000,,216665,,8000,,0,,103430,,0,,346095,,0,,,,FLETES,0,,486275,,0,,486275,,0,,2586538.48,,0,,2586538.48,,14170,,1887214.31,,0,,1901384.31,,123500,,2721.01,,0,,2721.01,,0,,170412,,100802.35,,0,,271214.35,,1403663.53,,68556.20999999999,,0,,1472219.74,,211630.09,,0,,211630.09,,0,,0,,0,,0,,81500,,0,,81500,,,7483077.9799999995,,,,,
SEGUROS,0,,0,,0,,0,,0,,0,,0,,0,,,,SEGUROS,0,,0,,0,,0,,0,,0,,0,,0,,0,,0,,0,,0,,0,,0,,0,,0,,0,,0,,0,,0,,0,,0,,0,,0,,0,,0,,0,,0,,0,,0,,0,,0,,0,,0,,0,,,0,,,,,
HONORARIOS,0,,400,,0,,0,,12200,,0,,12600,,0,,,,HONORARIOS,0,,0,,0,,0,,0,,2598,,0,,2598,,4825.47,,18581.96,,0,,23407.43,,1300,,0,,0,,0,,0,,0,,1748.12,,0,,1748.12,,109884.19,,12398.46,,0,,122282.65,,27865.68,,0,,27865.68,,0,,0,,0,,0,,400,,0,,400,,,192201.88,,,,,
SERVICIOS CALIDAD,0,,12898.82,,0,,0,,0,,0,,12898.82,,1282.97,,,,,1907.08,,0,,0,,1907.08,,7911,,0,,0,,7911,,13781.97,,7235.14,,0,,21017.11,,785.42,,13396.36,,0,,13396.36,,0,,0,,5391.11,,0,,5391.11,,0,,0,,0,,0,,162,,0,,162,,41.67,,0,,41.67,,0,,13710.47,,0,,13710.47,,,78504.01,,,,,
MANTENIMIENTO INSTALACIONES,0,,0,,0,,0,,0,,0,,0,,0,,,,MANTENIMIENTO,0,,0,,0,,0,,0,,0,,0,,0,,0,,0,,0,,0,,0,,0,,0,,0,,0,,0,,0,,0,,0,,0,,0,,0,,0,,0,,0,,0,,0,,0,,0,,0,,0,,0,,0,,,0,,,,,
MANTENIMIENTO ACTIVO FIJO,15800,,118369.15000000001,,27640,,0,,41775.42,,0,,203584.57,,0,,,,MANTENIMIENTO,0,,5850,,0,,5850,,0,,27784.84,,0,,27784.84,,0,,132600,,0,,132600,,0,,0,,0,,0,,0,,0,,0,,0,,0,,0,,132567.49,,0,,132567.49,,2690.03,,0,,2690.03,,9210.52,,0,,9210.52,,0,,0,,0,,0,,,514287.45000000007,,,,,
MANTENIMIENTO MAYORES VENTA,0,0,0,0,0,0,0,0,0,0,0,,0,,0,0,,,MANTENIMIENTO,0,0,0,0,0,,0,,0,0,0,0,0,,0,,0,,0,0,0,,0,,0,0,0,,0,,0,,0,0,0,0,0,0,0,,0,,0,0,0,0,0,,0,,0,0,0,,0,,0,0,0,,0,,0,0,0,0,0,,0,,,0,,,,,
GASTOS DE VENTA,0,0,0,0,0,0,0,0,0,0,0,0,2602487.0599999996,0.016722930479750615,1282.97,0.00014011883875632937,,,GASTOS DE VENTA,1907.08,0.00013540034674737475,660906.5900000001,0.04692355929149541,0,0,662813.67,0.028670629399709147,28981.489999999998,0.006496091015696474,2104547.79,0.02489396956671072,0,0,4079926.25,0.027889211991121095,40530.520000000004,0,3198034.4200000004,0.04531025704266594,0,0,3238564.9400000004,0.025317621737215634,126355.42,0.012275282134358557,72895.52,0.08562201397632127,0,0,72895.52,0.0005698638859771133,0,,259089.22,0,145034.83,0,0,0,404124.04999999993,0.026453004749199545,1528634.95,0,888554.8999999999,0.060475404678972625,0,0,2417189.8499999996,0.03318954179042659,440134.92,0.031249040828716178,0,0,440134.92,0.023517708200573032,201039.54,0.014273561374422006,0,0,201039.54,0.023842714744353826,0,0,0,0,0,0,167266.94,0.002296680624935926,,14414081.129999999,0.02430589611255689,14414472.17,-391.0400000009686,,
,,,,,,,,,,,,,,,,,,,,,,,,,,,,,,0,,,,,,0,,0,,,,,,,,,,,,,,,,,,,,,,,,0,,0,,,,,,,,,,,,,,,,,,0,,0,,,,,,,,,6756547.91,,,
LABOR INDIRECTA,,,,,,,,,,,,,,,,,,,,,,,,,,,,,,,,,,,,,,,,,,,,,,,,,,,,,,,,,,,,,,,,,,,,,,,,,,,,,,,,,,,,,,,,,,,6959893.32,,,,,
BENEFICIO LABOR INDIRECTA,,,,,,,,,,,,,,,,,,,,,,,,,,,,,,,,,,,,,,,,,,,,,,,,,,,,,,,,,,,,,,,,,,,,,,,,,,,,,,,,,,,,,,,,,,,0,,,,,
COMBUSTIBLE ,,,,,,,,,,,,,,,,,,,,,,,,,,,,,,,,,,,,,,,,,,,,,,,,,,,,,,,,,,,,,,,,,,,,,,,,,,,,,,,,,,,,,,,,,,,17244.01,,,,,
ENERGIA ELECTRICA,,,,,,,,,,,,,,,,,,,,862728.9299999999,,2560954.41,,537466.5599999999,,,,4617980.19,,10470982.27,,3205324.9000000013,,,,4667953.22,,18224673.860000003,,4285587.09,,,,5574371.3,,2688144.9100000006,,0,,,,0,,1175037.33,,4873316.74,,1725259.4800000002,,,,6258249.02,,9213017.709999999,,3049690.88,,,,6253724.15,,0,,,,1899361.85,,0,,,,2019808.7199999997,,564399.5,,4186527.05,,,,,14881.9,,,,,
DEPRECIACIONES Y AMORT.,31363821.930000003,,38849598.84000002,,21676759.180000003,,8444639.63,,35950290.190000035,,0,,,,,,,,,,,,,,,,,,,,,,,,,,,,,,,,,,,,,,,,,,,,,,,,,,,,,,,,,,,,,,,,,,,,,,,,,,,,,,,,439903.15,,,,,
TRANSPORTE DE PERSONAL,,,,,,,,,,,,,,,,,,,,,,,,,,,,,,,,,,,,,,,,,,,,,,,,,,,,,,,,,,,,,,,,,,,,,,,,,,,,,,,,,,,,,,,,,,,0,,,,,
DERECHOS Y CONTRIB,,,,,,,,,,,,,,,,,,,,,,,,,,,,,,,,,,,,,,,,,,,,,,,,,,,,,,,,,,,,,,,,,,,,,,,,,,,,,,,,,,,,,,,,,,,887536.62,,,,,
DIVERSOS,,,,,,,,,,,,,,,,,,,,,,,,,,,,,,,,,,,,,,,,,,,,,,,,,,,,,,,,,,,,,,,,,,,,,,,,,,,,,,,,,,,,,,,,,,,369496.59,,,,,
NO DEDUCIBLES,,,,,,,,,,,,,,,,,,,,,,,,,,,,,,,,,,,,,,,,,,,,,,,,,,,,,,,,,,,,,,,,,,,,,,,,,,,,,,,,,,,,,,,,,,,14765.12,,,,,
EQUIPOS MENORES,,,,,,,,,,,,,,,,,,,,,,,,,,,,,,,,,,,,,,,,,,,,,,,,,,,,,,,,,,,,,,,,,,,,,,,,,,,,,,,,,,,,,,,,,,,36066.18,,,,,
GASTOS DE VIAJE,,,,,,,,,,,,,,,,,,,,,,,,,,,,,,,,,,,,,,,,,,,,,,,,,,,,,,,,,,,,,,,,,,,,,,,,,,,,,,,,,,,,,,,,,,,260058.71,,,,,
TELEFONO,,,,,,,,,,,,,,,,,,,,,,,,,,,,,,,,,,,,,,,,,,,,,,,,,,,,,,,,,,,,,,,,,,,,,,,,,,,,,,,,,,,,,,,,,,,144738.81,,,,,
ARRENDAM MAQ Y EQUIPO,,,,,,,,,,,,,,,,,,,,,,,,,,,,,,,,,,,,,,,,,,,,,,,,,,,,,,,,,,,,,,,,,,,,,,,,,,,,,,,,,,,,,,,,,,,113678.18,,,,,
ARRENDAMIENTO,,,,,,,,,,,,,,,,,,,,,,,,,,,,,,,,,,,,,,,,,,,,,,,,,,,,,,,,,,,,,,,,,,,,,,,,,,,,,,,,,,,,,,,,,,,3786964.3,,,,,
MENSAJERIA Y PAQUETERIA,,,,,,,,,,,,,,,,,,,,,,,,,,,,,,,,,,,,,,,,,,,,,,,,,,,,,,,,,,,,,,,,,,,,,,,,,,,,,,,,,,,,,,,,,,,1331.86,,,,,
SEGUROS,,,,,,,,,,,,,,,,,,,,,,,,,,,,,,,,,,,,,,,,,,,,,,,,,,,,,,,,,,,,,,,,,,,,,,,,,,,,,,,,,,,,,,,,,,,236423.06,,,,,
HONORARIOS,,,,,,,,,,,,,,,,,,,,,,,,,,,,,,,,,,,,,,,,,,,,,,,,,,,,,,,,,,,,,,,,,,,,,,,,,,,,,,,,,,,,,,,,,,,1539764.17,,,,,
PAPELERIA,,,,,,,,,,,,,,,,,,,,,,,,,,,,,,,,,,,,,,,,,,,,,,,,,,,,,,,,,,,,,,,,,,,,,,,,,,,,,,,,,,,,,,,,,,,1776.37,,,,,
CAPACITACION Y ADIESTRAMIENTO,,,,,,,,,,,,,,,,,,,,,,,,,,,,,,,,,,,,,,,,,,,,,,,,,,,,,,,,,,,,,,,,,,,,,,,,,,,,,,,,,,,,,,,,,,,28845.66,,,,,
RECLUTAMIENTO,,,,,,,,,,,,,,,,,,,,,,,,,,,,,,,,,,,,,,,,,,,,,,,,,,,,,,,,,,,,,,,,,,,,,,,,,,,,,,,,,,,,,,,,,,,0,,,,,
COMEDOR,,,,,,,,,,,,,,,,,,,,,,,,,,,,,,,,,,,,,,,,,,,,,,,,,,,,,,,,,,,,,,,,,,,,,,,,,,,,,,,,,,,,,,,,,,,152927,,,,,
MANTENIMIENTO INSTALACIONES,,,,,,,,,,,,,,,,,,,,,,,,,,,,,,,,,,,,,,,,,,,,,,,,,,,,,,,,,,,,,,,,,,,,,,,,,,,,,,,,,,,,,,,,,,,88155.05,,,,,
MANTENIMIENTO ACTIVO FIJO,,,,,,,,,,,,,,,,,,,,,,,,,,,,,,,,,,,,,,,,,,,,,,,,,,,,,,,,,,,,,,,,,,,,,,,,,,,,,,,,,,,,,,,,,,,93632.95000000001,,,,,
MANTENIMIENTO MAYORES CORP,,,,,,,,,,,,,,,,,,,,,,,,,,,,,,,,,,,,,,,,,,,,,,,,,,,,,,,,,,,,,,,,,,,,,,,,,,,,,,,,,,,,,,,,,,,0,,,,,
GASTOS DE ADMON CORPORATIVO,,,,,,,,,,,,,,,,,,,,,,,,,,,,,,,,,,,,,,,,,,,,,,,,,,,,,,,,,,,,,,,,,,,,,,,,,,,,,,,,,,,,,,,,,,,15188083.01,0.025611064934386862,12167626.68,3020456.33,,
,,,,,,,,,,,,,,,,,,,,,,,,,,,,,,,,,,,,,,,,,,,,,,,,,,,,,,,,,,,,,,,,,,,,,,,,,,,,,,,,,,,,,,,,,,,,,,,,
UTILIDAD DE OPERACIÓN,3589210.1500000036,0.09915330020241764,4253066.669999996,0.09254127785175036,-21704.63999996829,-0.0009847677312200824,238942.80999999645,0.02609600307596728,4611399.529999961,0.10909387015401069,-5712723.699999999,0,4355703.760000003,0.02798866218718813,-2222538.95,,,,,175837.06000001257,,1173993.989999986,,-537466.5599999999,,812364.4899999968,0.03513959093552436,5566593.229999906,,12004204.71000012,,-3205324.9000000013,,12419076.069999998,0.08489326130590939,14764919.010000624,,-7596562.64000058,,-4285587.09,,2882769.280000017,0.022536173749446532,-3162436.3700000057,-0.30722701625072196,-2398046.0000000023,-2.8167098352252853,,,-2398046.0000000023,-0.018746828506221974,,,813238.559999998,0.07900518051809297,-1171124.1600000185,-0.11377335042979478,,,-2083145.0800000532,-0.13635775127590918,17662837.170000028,,-4039241.5200000512,,-3049690.88,,10573904.769999975,0.14518638420226085,827592.7200000309,,,,827592.7200000309,0.04422072235913312,609689.1800000039,,,,609689.1800000039,0.0723073938661971,-53835.440000023984,,587372.7499999997,,,,-3820256.6800000253,-0.052454534645268835,,-34053.11999976449,-5.742243224231866e-05,,,,
,,,,,,,,,,,,,,,,,,,,,,,,,,,,,,,,,,,,,,,,,,,,,,,,,,,,,,,,,,,,,,,,,,,,,,,,,,,,,,,,,,,,,,,,,,,,,,,,
OTROS INGRESOS 16%,,,,,,,,,,,,,,,,,,,,,,,,,,,,,,,,,,,,,,,,,,,,,,,,,,,,,,,,,,,,,,,,,,,,,,,,,,,,,,,,,,,,,,,,,,,3640647.3,0.0162709415100416,,,,
OTROS INGRESOS 0%,,,,,,,,,,,,,,,,,,,,,,,,,,,,,,,,,,,,,,,,,,admon de planta,,,,,,,,,,,,,,,,,,,,,,,,,,,,,,,,,,,,,,,,,,,,,,,,,559989.06,0.0025027278092890726,,,,
,,,,,,,,,,,,,,,,,,,,,,,,,,,,,,,,,,,,,,,,,,,,,,,,,,,,,,,,,,,,,,,,,,,,,,,,,,,,,,,,,,,,,,,,,,,,,,,,
UTILIDAD DE OPERACIÓN 2,,,,,,,,,,,,,,,,,,,,,,,,,,,,,,,,,,,,,,,,,,,,,,,,,,,,,,,,,,,,,,,,,,,,,,,,,,,,,,,,,,,,,,,,,,,4166583.2400002354,,,,,
,,,,,,,,,,,,,,,,,,,,,,,,,,,,,,,,,,,,,,,,,,,,,,,,,,,,,,,,,,,,,,,,,,,,,,,,,,,,,,,,,,,,,,,,,,,,,,,,
 VTA. ACTIVOS FIJO,,,,,,,,,,,,,,,,,,,,,,,,,,,,,,,,,,,,,,,,,,,,,,,,,,,,,,,,,,,,,,,,,,,,,,,,,,,,,,,,,,,,,,,,,,,889765.85,0.003976580786329521,,,,
 ACTUALIZACION DE IMPUESTOS,,,,,,,,,,,,,,,,,,,,,,,,,,,,,,,,,,,,,,,,,,,,,,,,,,,,,,,,,,,,,,,,,,,,,,,,,,,,,,,,,,,,,,,,,,,0,0,,Otros ingresos,,
SUBARRENDAMIENTO,,,,,,,,,,,,,,,,,,,,,,,,,,,,,,,,,,,,,,,,,,,,,,,,,,,,,,,,,,,,,,,,,,,,,,,,,,,,,,,,,,,,,,,,,,,2615616.85,,,,,
OTROS GASTOS,,,,,,,,,,,,,,,,,,,,,,,,,,,,,,,,,,,,,,,,,,,,,,,,,,,,,,,,,,,,,,,,,,,,,,,,,,,,,,,,,,,,,,,,,,,3006456.59,,,,6443815.979999999,
INTERESES A FAVOR,,,,,,,,,,,,,,,,,,,,,,,,,,,,,,,,,,,,,,,,,,,,,,,,,,,,,,,,,,,,,,,,,,,,,,,,,,,,,,,,,,,,,,,,,,,1259919.19,,,,,
UTILIDAD CAMBIARIA,,,,,,,,,,,,,,,,,,,,,,,,,,,,,,,,,,,,,,,,,,,,,,,,,,,,,,,,,,,,,,,,,,,,,,,,,,,,,,,,,,,,,,,,,,,6304554.43,,,,-8312332.74,
PERDIDAS CAMBIARIA,,,,,,,,,,,,,,,,,,,,,,,,,,,,,,,,,,,,,,,,,,,,,,,,,,,,,,,,,,,,,,,,,,,,,,,,,,,,,,,,,,,,,,,,,,,17378292.16,,,,,
,,,,,,,,,,,,,,,,,,,,,,,,,,,,,,,,,,,,,,,,,,,,,,,,,,,,,,,,,,,,,,,,,,,,,,,,,,,,,,,,,,,,,,,,,,,,,,,,
UTILIDAD ANTES DE IMPUESTOS,,,,,,,,,,,,,,,,,,,,,,,,,,,,,,,,,,,,,,,,,,,,,,,,,,,,,,,,,,,,,,,,,,,,,,,,,,,,,,,,,,,,,,,,,,,-5148309.189999765,-0.008681390592912265,,,,
,,,,,,,,,,,,,,,,,,,,,,,,,,,,,,,,,,,,,,,,,,,,,,,,,,,,,,,,,,,,,,,,,,,,,,,,,,,,,,,,,,,,,,,,,,,,,,,,
PROVISION ISR,,,,,,,,,,,,,,,,,,,,,,,,,,,,,,,,,,,,,,,,,,,,,,,,,,,,,,,,,,,,,,,,,,,,,,,,,,,,,,,,,,,,,,,,,,,0,0,,,,
,,,,,,,,,,,,,,,,,,,,,,,,,,,,,,,,,,,,,,,,,,,,,,,,,,,,,,,,,,,,,,,,,,,,,,,,,,,,,,,,,,,,,,,,,,,,,,,,
UTILIDAD (PERDIDA) NETA,,,,,,,,,,,,,,,,,,,,,,,,,,,,,,,,,,,,,,,,,,,,,,,,,,,,,,,,,,,,,,,,,,,,,,,,,,,,,,,,,,,,,,,,,,,-5148309.189999765,-0.008681390592912265,,,,
,,,,,,,,,,,,,,,,,,,,,,,,,,,,,,,,,,,,,,,,,,,,,,,,,,,,,,,,,,,,,,,,,,,,,,,,,,,,,,,,,,,,,,,,,,,,,,,,
,,,,,,,,,,,,,,,,,,,,,,,,,,,,,,,,,,,,,,,,,,,,,,,,,,,,,,,,,,,,,,,,,,,,,,,,,,,,,,,,,,,,,,,,,,,,,,,,
,,,,,,,,,,,,,,,,,,,,,,,,,,,,,,,,,,,,,,,,,,,,,,,,,,,,,,,,,,,,,,,,,,,,,,,,,,,,,,,,,SEGÚN JDE,,,,,,,,,,-5162697.37,,,,,
,,,,,,,,,,,,,,,,,,,,,,,,,,,,,,,,,,,,,,,,,,,,,,,,,,,,,,,,,,,,,,,,,,,,,,,,,,,,,,,,,,,,,,,,,,,,,,,,
,,,,,,,,,,,,,,,,,,,,,,,,,,,,,,,,,,,,,,,,,,,,,,,,,,,,,,,,,,,,,,,,,,,,,,,,,,,,,,,,,Diferencia,,,,,,,,Dif,,14388.180000235327,CANCELACION DAP ABRIL 2025,,,,
,,,,,,,,,,,,,,,,,,,,,,,,,,,,,,,,,,,,,,,,,,,,,,,,,,,,,,,,,,,,,,,,,,,, ,,,,,,,,,,,,,,,,,,,, ,,,,,,,,
,,,,,,,,,,,,,,,,,,,,,,,,,,,,,,,,,,,,,,,,,,,,,,,,,,,,,,,,,,,,,,,,,,,, ,,,,,,,,,,,,,,,,,,,, ,,,,,,,,
,,,,,,,,,,,,,,,,,,,,,,,,,,,,,,,,,,,,,,,,,,,,,,,,,,,,,,,,,,,,,, ,,,,,, ,,,,,,,,,,,,,, ,,,,,, ,,,,,,,,
,,,,,,,,,,,,,,,,,,,,,,,,,,,,,,,,,,,,,,,,,,,,,,,,,,,,,,,,,,,,,,,,,,,,,,,,,,,,,,,,,,,,,,,,,,,,,,,,
,,,,,,,,,,,,,,,,,,,,,,,,,,,,,,,,,,,,,,,,,,,,,,,,,,,,,,,,,,,,,,,,,,,,,,,,,,,,,,,,,,,,,,,,,,,,,,,,
,,,,,,,,,,,,,,,,,,,,,,,,,,,,,,,,,,,,,,,,,,,,,,,,,,,,,,,,,,,,,,,,,,,,,,,,,,,,,,,,,,,,,,,,,,,,,,,,
TRADICIONAL,5025873.57,,28794455.880000018,,240634.49,,262224,,31130.4,,,,34354318.34000002,,0,,,,VENTAS,,,14086172.42,,,,14086172.42,1.003404412049969,4700028.29,,35238945.51000001,,,,39938973.80000001,0.4717101208965039,25121683.24,,20705994.55,,0,,45827677.79,,360475,,143340.6,,0,,143340.6,,,,4862338.559999999,,152372.87,,,,5014711.429999999,0.32835092448214215,51671683.14,,8733201.729999999,,,,60404884.87,0.9357918249671756,17473392.460000005,,,,17473392.460000005,0.9336549464159152,8335170.110000002,,,,8335170.110000002,0.9885273477963308,0,,600716.67,,,,600716.67,0.009306296173187371,,226539833.49000004,,226539833.49,0,,
AUTOMOTRIZ,0,,0,,0,,0,,0,,,,0,,0,,,,,,,0,,,,0,0,70102.83,,45592283.120000005,,,,45662385.95,0.5393080379270364,436810.24,,886511.3200000001,,0,,1323321.56,,0,,0,,0,,0,,,,0,,0,,,,0,0,0,,0,,,,0,0,830237.94,,,,830237.94,0.04436206427330251,0,,,,0,0,0,,1389818.73,,,,1389818.73,0.021531056776605068,,49205764.18,,49205764.18,0,,
EMPAQUE,4260027.18,,479817.3599999999,,404833.86,,127908.73999999999,,35846095.669999994,,,,41118682.809999995,,0,,,,,,,0,,,,0,0,0,,0,,,,0,0,0,,369812.65,,0,,369812.65,,0,,0,,0,,0,,,,0,,0,,,,0,0,403534.33,,2906373.2800000003,,,,3309907.6100000003,0.05127705299829079,306817.88,,,,306817.88,0.01639418515703874,0,,,,0,0,0,,2016848.6400000001,,,,2016848.6400000001,0.031244997380096264,,47122069.589999996,,47122069.589999996,0,,
PROD HOGAR,0,,721014.32,,0,,0,,1531807.53,,,,2252821.85,,0,,,,,,,0,,,,0,0,0,,165607.88,,,,165607.88,0.0019559569428950546,0,,47038061.720000006,,0,,47038061.720000006,,6503636.43,,0,,0,,0,,,,0,,98572.94,,,,98572.94,0.006454312761506745,0,,1476442.2499999998,,,,1476442.2499999998,0.022873027414250294,0,,,,0,0,184373.88,,,,184373.88,0.0218662151094741,0,,0,,,,0,0,,57719516.95,,57719516.95,0,,
"REB, DEV, DCTOS S/VTAS",-82542.91,,-1222488.14,,0,,0,,-138990.48,,0,,-1444021.5299999998,,0,,,,"REB, DEV, DCTOS S/VTAS",0,,-135792.43,,0,,-135792.43,-0.00967294161411284,-18514.43,,-4553560.5,,0,,-4572074.93,-0.053999735415790125,-340563.63,,-1583063.07,,0,,-1923626.7000000002,,-31953.9,,0,,0,,0,,0,,-153399.39,,0,,0,,-153399.39,-0.010044213355961082,-1754040.33,,-397276.58,,0,,-2151316.91,-0.0333281783687579,-293744.48,,0,,-293744.48,-0.015695634798004805,-515743.55,,0,,-515743.55,-0.06116571070492095,0,,-88822.27,,0,,-88822.27,-0.0013760336489327246,,-11310496.09,,-11310496.09,0,,
(+) OTROS INGRESOS,13959.25,,658919.24,,258768.12,,4680,,1322504.99,,,,2258831.6,,0,,,,(+) OTROS INGRESOS,,,88000,,,,88000,0.006268529564143819,,,264288.4,,,,264288.4,0.0031214500838162135,0,0,954567.29,,0,,954567.29,,0,,39868,,0,,39868,,,,17080,,0,,,,17080,0.0011183562341402743,0,,18874.08,,,,18874.08,0.00029239704381173957,0,,,,0,0,0,,,,0,0,,,-862.07,,,,-862.07,-1.3355179142972072e-05,,3640647.3000000003,,3640647.3,0,,
(+) TRANSFERENCIAS ENVIADAS,8043712.209999999,,2944875.149999998,,109840.25,,89634.64,,1404089.83,,,,12592152.079999998,,0,,,,TRANSFERENCIAS ENVIADAS,0,,0,,,,0,0,747896.9599999998,,2461391.049999997,,,,3209288.009999997,0.03790416956553847,1092189.9599999997,,1819210.18,,,,2911400.1399999997,,3461326.4499999997,,668155.6300000001,,,,668155.6300000001,,0,,2739.2599999999998,,10292710.289999995,,0,,10295449.549999995,0.674120619878172,0,,1490697.9100000001,,0,,1490697.9100000001,0.02309387594522957,398339.19,,,,398339.19,0.021284438951748294,428106,,,,428106,0.05077214779911623,11981801.959999975,,6132,,0,,11987933.959999975,0.1857169436239728,,47442848.91999997,,,,,
VENTAS NETAS,17261029.299999997,,32376593.810000014,,1014076.72,,484447.38,1,39996637.94,1,0,,91132785.14999999,1,0,1,,,VENTAS NETAS,0,1,14038379.99,1,0,,14038379.99,1,5499513.65,1,79168955.46000002,1,0,,84668469.11000001,1,26310119.81,1,70191094.64000003,1,0,,96501214.45,1,10293483.979999999,1,851364.2300000001,1,0,,851364.2300000001,1,0,1,4728758.429999999,1,10543656.099999996,1,0,,15272414.529999994,1,50321177.14,1,14228312.669999998,1,0,,64549489.80999999,1,18715042.990000006,1,0,,18715042.990000006,1,8431906.440000001,1,0,,8431906.440000001,1,11981801.959999975,1,3923831.7,1,0,,15905633.659999974,1,,416719537.03999996,1,369276688.12,185156821.01,,
,,,,,,,,,,,,,,,,,,,,,,,,,,,,,,,,,,,,,,,,,,,,,,,,,,,,,,,,,,,,,,,,,,,,,,,,,,,,,,,,,,,,,,,,,,,,,,,,
INVENTARIO INICIAL,31497390.080000002,,18236214.17,,4745563.25,,4380491.970000001,,39402200.17,,,,98261859.64,,4644459.34,,,,INVENTARIO INICIAL,7918428.58,,2429535.47,,,,10347964.05,,89806103.7,,30973931.339999996,,,,120780035.03999999,,51316470.58,,144593247.43,,,,195909718.01,,15221714.780000001,,30932095.69,,,,30932095.69,,0,,3705408.08,,162925031.24,,,,166630439.32000002,,56177361.51,,78468266.30000001,,,,134645627.81,,3700676.1399999997,,,,3700676.1399999997,,3088644.06,,,,3088644.06,,32636218.490000002,,2716852.37,,,,35353070.86,,,819516304.74,,,,,
(+) COMPRAS,20700807.59,,1402129.96,,10079261.61,,9557088.42,,12907187.3,,,,54646474.879999995,,0,,,,(+) COMPRAS,5949908.38,,15389.99,,,,5965298.37,,56744595.71,,1913758.09,,,,58658353.800000004,,34033626.51,,4064751.82,,,,38098378.33,,12592124.17,,319667.76,,,,319667.76,,0,,1546248.11,,8054812.2,,,,9601060.31,,36554510.63,,1171218.48,,,,37725729.11,,1382318.39,,,,1382318.39,,73219.89,,,,73219.89,,6559331.19,,453880.14,,,,7013211.33,,,226075836.33999994,,,,,
(+) TRANSFERENCIAS RECIBIDAS,1262542.28,,1808238.5700000003,,0,,0,,909733.1700000002,,,,3980514.0200000005,,0,,,,(+) TRANSFERENCIAS RECIBIDAS,339583.10000000003,,635712.1500000005,,,,975295.2500000005,,0,,1406660.6099999996,,,,1406660.6099999996,,2944536.7199999997,,15985623.68999999,,,,18930160.40999999,,98431.53000000001,,1867.15,,,,1867.15,,0,,1079990.0000000002,,568402.4,,,,1648392.4000000004,,1873723.2899999996,,108658.48999999999,,,,1982381.7799999996,,10574089.319999976,,,,10574089.319999976,,6056403.599999997,,,,6056403.599999997,,496745.38999999996,,1291907.46,,,,1788652.8499999999,,,47442848.919999965,,0,,,
(=) MATERIAL DISPONIBLE,53460739.95,,21446582.700000003,,14824824.86,,13937580.39,,53219120.64,,,,156888848.54,,4644459.34,,,,(=) MATERIAL DISPONIBLE,14207920.06,,3080637.610000001,,,,17288557.67,,146550699.41,,34294350.04,,,,180845049.45000002,,88294633.81,,164643622.94,,,,252938256.74999997,,27912270.480000004,,31253630.6,,,,31253630.6,,0,,6331646.19,,171548245.84,,,,177879892.03000003,,94605595.43,,79748143.27000001,,,,174353738.70000002,,15657083.849999975,,,,15657083.849999975,,9218267.549999997,,,,9218267.549999997,,39692295.07,,4462639.970000001,,,,44154935.04,,,1093034990,,,,,
(--) INVENTARIO FINAL,23662250.65,,15817569.45,,8214427.04,,6891694.33,,43571782.65,,,,98157724.11999999,,4644459.34,,,,(--) INVENTARIO FINAL,5793242.550000001,,1766195.85,,,,7559438.4,,95415990.6,,28439363.619999997,,,,123855354.22,,47750988.84,,135247991.65,,,,182998980.49,,20209010.34,,30623423.61,,,,30623423.61,,0,,3651617.4499999997,,163299843.73,,,,166951461.17999998,,58405820.15,,77794047.72,,,,136199867.87,,4319547.09,,,,4319547.09,,3308400.25,,,,3308400.25,,27748125.32,,3101654.54,,,,30849779.86,,,809677446.77,,,,,
(=) COSTO MATERIALES,29798489.300000004,1.7263448651929472,5629013.250000004,0.17386057603939162,6610397.819999999,6.518636795054323,7045886.0600000005,14.544172083250817,9647337.990000002,0.24120372328474773,,,58731124.42,0.644456595102756,0,,,,(=) COSTO MATERIALES,8414677.51,,1314441.7600000007,0.09363201173755951,,,9729119.270000001,0.6930371792849583,51134708.81,0.6039403965550215,5854986.420000002,0.0691519107590488,,,56989695.23000002,0.6730923073140705,40543644.97,1.5409905109816373,29395631.28999999,0.41879431344910534,,,69939276.25999996,0.7247502185191407,7703260.140000004,0.7483627657037463,630206.9900000021,0.7402319333994124,,,630206.9900000021,0.7402319333994124,0,,2680028.7400000007,0.5667510361699744,8248402.110000014,0.7823094789671694,,,10928430.850000054,0.7155666727440548,36199775.28000001,0.7193745722459466,1954095.550000012,,,,38153870.83000001,0.5910793554264347,11337536.759999976,0.6057980612739149,,,11337536.759999976,0.6057980612739149,5909867.299999997,0.70089336759766,,,5909867.299999997,0.70089336759766,11944169.75,0.9968592194958984,1360985.4300000006,,,,13305155.18,0.8365058233083951,,283357543.23,0.679971822878084,,,,
(+) VARIACION EN COMPRAS,-1034705.65,,-93205.49,,-662344.54,,-697394.76,,-581927.91,,,,-3069578.3500000006,,0,,,,(+) VARIACIONES STD,-466151.66,,1897.99,,,,-464253.67,,-4940777.48,,-40209.04,,,,-4980986.5200000005,,-3029609.27,,-195910.05,,,,-3225519.32,,178288.91,,-68941.67,,,,-68941.67,,0,,55811.76,,-1311921.28,,,,-1256109.52,,-2448345.72,,-250897.68,,,,-2699243.4000000004,,275101.62,,,,275101.62,,12988.11,,,,12988.11,,-523657.68,,6390.63,,,,-517267.05,,,-15815520.860000003,-0.037952434321508445,,,,
(+) VARIACIONES STD,0,,0,,0.04,,0,,0,,,,0.04,,0,,,,(+) VARIACIONES STD,0,,0,,,,0,,0,,0,,,,0,,0,,-273525.94,,,,-273525.94,,0,,0,,,,0,,0,,0,,-90375.27,,,,-90375.27,,0,,0,,,,0,,21087.74,,,,21087.74,,0,,,,0,,0,,0,,,,0,,,-342813.43000000005,-0.000822647847122882,,,,
(=) COSTO TOTAL MATERIALES,28763783.650000006,1.666400256327704,5535807.7600000035,0.17098178370728373,5948053.319999999,5.865486508752513,6348491.300000001,13.104604467052749,9065410.080000002,0.22665430263411793,0,,55661546.11,0.6107741140401216,0,,,,(=) COSTO TOTAL MATERIALES,7948525.85,,1316339.7500000007,0.09376721181059872,,,9264865.600000001,0.6599668627433984,46193931.33,0.5455859993167649,5814777.380000002,0.06867701094778896,,,52008708.710000016,0.6142630102645541,37514035.699999996,1.425840549982657,28926195.29999999,0.41210634266865703,,,66440230.99999996,0.6884911384656669,7881549.0500000045,0.765683326006401,561265.320000002,0.6592540539317725,,,561265.320000002,0.6592540539317725,0,,2735840.5000000005,0.5785536606487215,6846105.5600000145,0.6493104000233864,,,9581946.060000055,0.6274021727984134,33751429.56000001,0.6707201913440773,1703197.870000012,0.11970483847962923,,,35454627.430000015,0.5492627057837317,11633726.119999975,0.6216243332284203,,,11633726.119999975,0.6216243332284203,5922855.409999997,0.7024337203153308,,,5922855.409999997,0.7024337203153308,11420512.07,0.9531548016004785,1367376.0600000005,0.34847979336116797,,,12787888.129999999,0.803984827222534,,267199208.94,0.6411967407094527,219756360.02000004,219756360.02000004,0,
