UREBLOCK SA DE CV,20.564370967741933,Unnamed: 2,Unnamed: 3,18,Unnamed: 5,Unnamed: 6,Unnamed: 7,Unnamed: 8,Unnamed: 9,20.459935714285706,Unnamed: 11,Unnamed: 12,18.1,Unnamed: 14,Unnamed: 15,Unnamed: 16,Unnamed: 17,Unnamed: 18,20.374246666666668,Unnamed: 20,Unnamed: 21,18.2,Unnamed: 23,Unnamed: 24,Unnamed: 25,Unnamed: 26,Unnamed: 27,T1,Unnamed: 29,Unnamed: 30,20.098163333333336,Unnamed: 32,Unnamed: 33,18.3,Unnamed: 35,Unnamed: 36,Unnamed: 37,Unnamed: 38,Unnamed: 39,19.46746774193548,Unnamed: 41,Unnamed: 42,18.4,Unnamed: 44,Unnamed: 45,Unnamed: 46,Unnamed: 47,Unnamed: 48,19.07029,Unnamed: 50,Unnamed: 51,19,Unnamed: 53,Unnamed: 54,Unnamed: 55,Unnamed: 56,Unnamed: 57,T2,Unnamed: 59,Unnamed: 60,18.68416129032258,Unnamed: 62,Unnamed: 63,19.1,Unnamed: 65,Unnamed: 66,Unnamed: 67,Unnamed: 68,Unnamed: 69,18.72754193548387,Unnamed: 71,Unnamed: 72,19.2,Unnamed: 74,Unnamed: 75,Unnamed: 76,Unnamed: 77,Unnamed: 78,18.525080000000003,Unnamed: 80,Unnamed: 81,19.3,Unnamed: 83,Unnamed: 84,Unnamed: 85,Unnamed: 86,Unnamed: 87,T3,Unnamed: 89,Unnamed: 90,18.4134709677419,Unnamed: 92,Unnamed: 93,19.4,Unnamed: 95,Unnamed: 96,Unnamed: 97,Unnamed: 98,Unnamed: 99,20.29187,Unnamed: 101,Unnamed: 102,19.5,Unnamed: 104,Unnamed: 105,Unnamed: 106,Unnamed: 107,Unnamed: 108,20.26635333333333,Unnamed: 110,Unnamed: 111,19.6,Unnamed: 113,Unnamed: 114,Unnamed: 115,Unnamed: 116,Unnamed: 117,T4,Unnamed: 119,Unnamed: 120,19.428617145093387,Unnamed: 122,Unnamed: 123,18.5,Unnamed: 125,Unnamed: 126,Unnamed: 127,Unnamed: 128,Unnamed: 129,17.5670583816338,Unnamed: 131,Unnamed: 132,16.94872393510507,Unnamed: 134
ESTADOS DE RESULTADOS 2025,ENE 25,,,ENE 25 PPTO,,,ENE 25 DELTA,,,FEB 25,,,FEB 25 PPTO,,,FEB 25 DELTA,,,MZO 25,,,MZO 25 PPTO,,,MZO 25 DELTA,,,T1,,,ABR 25,,,ABR 25 PPTO,,,ABR 25 DELTA,,,MAY 25,,,MAY 25 PPTO,,,MAY 25 DELTA,,,JUN 25,,,JUN 25 PPTO,,,JUN 25 DELTA,,,T1,,,JUL 25,,,JUL 25 PPTO,,,JUL 25 DELTA,,,AGO 25,,,AGO 25 PPTO,,,AGO 25 DELTA,,,SEP 25,,,SEP 25 PPTO,,,SEP 25 DELTA,,,,,,OCT 25,,,OCT 25 PPTO,,,OCT 25 DELTA,,,NOV 25,,,NOV 25 PPTO,,,NOV 25 DELTA,,,DIC 25,,,DIC 25 PPTO,,,DIC 25 DELTA,,,,,,2025,,,2025 PPTO,,,2025 DELTA,,,2024,,,2024 Ene-Oct,
,MONTERREY TELAS,,,MONTERREY TELAS,,,MONTERREY TELAS,,,MONTERREY TELAS,,,MONTERREY TELAS,,,MONTERREY TELAS,,,MONTERREY TELAS,,,MONTERREY TELAS,,,MONTERREY TELAS,,,RESULTADO,,,MONTERREY TELAS,,,MONTERREY TELAS,,,MONTERREY TELAS,,,MONTERREY TELAS,,,MONTERREY TELAS,,,MONTERREY TELAS,,,MONTERREY TELAS,,,MONTERREY TELAS,,,MONTERREY TELAS,,,RESULTADO,,,MONTERREY TELAS,,,MONTERREY TELAS,,,MONTERREY TELAS,,,MONTERREY TELAS,,,MONTERREY TELAS,,,MONTERREY TELAS,,,MONTERREY TELAS,,,MONTERREY TELAS,,,MONTERREY TELAS,,,,,,MONTERREY TELAS,,,MONTERREY TELAS,,,MONTERREY TELAS,,,MONTERREY TELAS,,,MONTERREY TELAS,,,MONTERREY TELAS,,MONTERREY TELAS,MONTERREY TELAS,,,MONTERREY TELAS,,,MONTERREY TELAS,,,,,,GUADALAJARA,,,MONTERREY TELAS,,,MONTERREY TELAS,,,GUADALAJARA,,,GUADALAJARA,
,,,,,,,,,,,,,,,,,,,,,,,,,,,,,,,,,,,,,,,,,,,,,,,,,,,,,,,,,,,,,,,,,,,,,,,,,,,,,,,,,,,,,,,,,,,,,,,,,,,,,,,,,,,,,,,,,,,,,,,,,,,,,,,,,,,,,,
TRADICIONAL USD,3461.7635575466807,,,0,,,3461.7635575466807,,,2551.6600212750295,,,,,,2551.6600212750295,,,4162.161251278983,,,,,,4162.161251278983,,,10175.584830100694,0.2027753668293609,,487.4923065109266,,,,,,487.4923065109266,,,2885.663443478492,,,,,,2885.663443478492,,,403.7694235378696,,,,,,403.7694235378696,,,3776.925173527288,0.034559524894920146,,7671.770638923083,,,,,,7671.770638923083,,,4270.325506438852,,,,,,4270.325506438852,,,892.9651046041365,,,,,,892.9651046041365,,,12835.061249966071,0.17040308145976743,,848.8893825278003,,,,,,848.8893825278003,,,0,,,0,,,0,,,0,,,0,,,0,,,848.8893825278003,0.03031764771828232,,27636.46063612185,,,0,,,27636.46063612185,,,40889.59035914811,,,38378.90676817688,
AUTOMOTRIZ USD,0,,,0,,,0,,,0,,,,,,0,,,0,,,,,,0,,,0,0,,0,,,,,,0,,,0,,,,,,0,,,0,,,,,,0,,,0,0,,0,,,,,,0,,,0,,,,,,0,,,0,,,,,,0,,,0,0,,0,,,,,,0,,,0,,,0,,,0,,,0,,,0,,,0,,,0,0,,0,,,0,,,0,,,0,,,0,
EMPAQUE USD,0,,,0,,,0,,,0,,,,,,0,,,0,,,,,,0,,,0,0,,0,,,,,,0,,,0,,,,,,0,,,0,,,,,,0,,,0,0,,0,,,,,,0,,,0,,,,,,0,,,0,,,,,,0,,,0,0,,0,,,,,,0,,,0,,,0,,,0,,,0,,,0,,,0,,,0,0,,0,,,0,,,0,,,0,,,0,
PROD HOGAR USD,0,,,0,,,0,,,40005.97809447106,,,,,,40005.97809447106,,,0,,,,,,0,,,40005.97809447106,0.7972246331706391,,65290.32171928148,,,,,,65290.32171928148,,,3388.216735446979,,,,,,3388.216735446979,,,36832.0681017436,,,,,,36832.0681017436,,,105510.60655647205,0.9654404751050798,,0,,,,,,0,,,57761.284087710745,,,,,,57761.284087710745,,,4725.421968488125,,,,,,4725.421968488125,,,62486.70605619887,0.8295969185402325,,27150.953824829554,,,,,,27150.953824829554,,,0,,,0,,,0,,,0,,,0,,,0,,,27150.953824829554,0.9696823522817177,,235154.24453197152,,,0,,,235154.24453197152,,,418599.16231062624,,,382399.932585693,
OTROS INGRESOS USD,0,,,9077.187959465296,,,-9077.187959465296,,,0,,,4658.012107853694,,,-4658.012107853694,,,0,,,3234.894644216134,,,-3234.894644216134,,,0,0,,0,,,3126.119639697327,,,-3126.119639697327,,,0,,,4912.714173737338,,,-4912.714173737338,,,0,,,2907.912709135825,,,-2907.912709135825,,,0,0,,0,,,125.91311573278391,,,-125.91311573278391,,,0,,,5812.4798644296625,,,-5812.4798644296625,,,0,,,2676.248194680863,,,-2676.248194680863,,,0,0,,0,,,,,,0,,,0,,,,,,0,,,0,,,,,,0,,,0,0,,0,,,36531.48240894892,,,-36531.48240894892,,,0,,,-37225.353713932294,
TOTAL VENTAS USD,3461.7635575466807,,,9077.187959465296,,,-5615.424401918615,-0.6186303982020219,,42557.638115746086,,,4658.012107853694,,,37899.626007892395,8.136437847379423,,4162.161251278983,,,3234.894644216134,,,927.2666070628493,0.286645071647315,,50181.56292457175,,,65777.81402579241,,,3126.119639697327,,,62651.694386095085,20.04136169022663,,6273.88017892547,,,4912.714173737338,,,1361.1660051881327,0.27707005884134883,,37235.83752528147,,,,,,34327.92481614565,,,109287.53172999935,,,7671.770638923083,,,,,,7545.8575231903,,,62031.609594149595,,,,,,56219.129729719934,,,5618.387073092261,,,,,,2942.138878411398,,,75321.76730616494,,,27999.843207357353,,,,,,27999.843207357353,,,0,,,,,,0,,,0,,,,,,0,,,27999.843207357353,,,262790.7051680934,,,36531.48240894892,,,226259.22275914447,6.1935406898166,,459488.75266977435,,,383553.48563993763,
,,,,,,,,,,,,,,,,,,,,,,,,,,,,,,,,,,,,,,,,,,,,,,,,,,,,,,,,,,,,,,,,,,,,,,,,,,,,,,,,,,,,,,,,,,,,,,,,,,,,,,,,,,,,,,,,,,,,,,,,,0,,,0,,,,,,0,,,0,
TRADICIONAL,71188.98999999999,1,,0,0,,71188.98999999999,,,52206.8,0.059957745172209864,,0,0,,52206.8,,,84800.9,1,,0,0,,84800.9,,,208196.69,0.2027791549025859,,9797.7,0.007411196521668751,,0,0,,9797.7,,,56176.56,0.45994876554571373,,0,0,,56176.56,,,7700,0.010843570344395457,,0,0,,7700,,,73674.26,0.03419952529792959,,143340.6,1,,0,0,,143340.6,,,79972.7,0.06884112042840818,,0,0,,79972.7,,,16542.25,0.1589362023276663,,0,0,,16542.25,,,239855.55,0.17021640380638925,,15631,0.030317647718282315,,0,0,,15631,,,,,,,,,,,,,,,,,,0,,,15631,0.030317647718282315,,537357.5,0.1052474116960393,,0,,,537357.5,,,748931.362767947,0.09254678187788688,,697522.8,0.09545395847387672
AUTOMOTRIZ,0,0,,0,0,,0,,,0,0,,0,0,,0,,,0,0,,0,0,,0,,,0,0,,0,0,,0,0,,0,,,0,0,,0,0,,0,,,0,0,,0,0,,0,,,0,0,,0,0,,0,0,,0,,,0,0,,0,0,,0,,,0,0,,0,0,,0,,,0,0,,0,0,,0,0,,0,,,,,,,,,,,,,,,,,,0,,,0,0,,0,0,,0,,,0,,,0,0,,0,0
EMPAQUE,0,0,,0,0,,0,,,0,0,,0,0,,0,,,0,0,,0,0,,0,,,0,0,,0,0,,0,0,,0,,,0,0,,0,0,,0,,,0,0,,0,0,,0,,,0,0,,0,0,,0,0,,0,,,0,0,,0,0,,0,,,0,0,,0,0,,0,,,0,0,,0,0,,0,0,,0,,,,,,,,,,,,,,,,,,0,,,0,0,,0,0,,0,,,0,,,0,0,,0,0
PROD HOGAR,0,0,,0,0,,0,,,818519.74,0.9400422548277901,,0,0,,818519.74,,,0,0,,0,0,,0,,,818519.74,0.7972208450974141,,1312215.55,0.9925888034783313,,0,0,,1312215.55,,,65960,0.5400512344542863,,0,0,,65960,,,702398.22,0.9891564296556046,,0,0,,702398.22,,,2080573.77,0.9658004747020703,,0,0,,0,0,,0,,,1081726.87,0.9311588795715918,,0,0,,1081726.87,,,87538.81999999999,0.8410637976723336,,0,0,,87538.81999999999,,,1169265.6900000002,0.8297835961936108,,499943.29999999993,0.9696823522817177,,0,0,,499943.29999999993,,,,,,,,,,,,,,,,,,0,,,499943.29999999993,0.9696823522817177,,4568302.5,0.8947525883039606,,0,,,4568302.5,,,7343531.147232053,0.9074532181221131,,6609903.85,0.9045460415261233
OTROS INGRESOS,,0,,,0,,0,,,,0,,,0,,0,,,,0,,,0,,0,,,0,0,,,0,,,0,,0,,,,0,,,0,,0,,,,0,,,0,,0,,,0,0,,,0,,,0,,0,,,,0,,,0,,0,,,,0,,,0,,0,,,0,0,,,0,,,0,,0,,,,,,,,,,,,,,,,,,0,,,0,0,,0,0,,0,,,0,,,,,,0,
TOTAL VENTAS,71188.98999999999,,,0,,,71188.98999999999,,,870726.54,,,0,,,870726.54,,,84800.9,,,0,,,84800.9,,,1026716.43,,,1322013.25,,,0,,,1322013.25,,,122136.56,,,0,,,122136.56,,,710098.22,,,0,,,710098.22,,,2154248.0300000003,,,143340.6,,,0,,,143340.6,,,1161699.57,,,0,,,1161699.57,,,104081.06999999999,,,0,,,104081.06999999999,,,1409121.2400000002,,,515574.29999999993,,,0,,,515574.29999999993,,,,,,,,,,,,,,,,,,0,,,515574.29999999993,,,5105660,1,,0,,,5105660,,,8092462.51,1,,7307426.649999999,1
,,,,,,,,,,,,,,,,,,,,,,,,,,,,,,,,,,,,,,,,,,,,,,,,,,,,,,,,,,,,,,,,,,,,,,,,,,,,,,,,,,,,,,,,,,,,,,,,,,,,,,,,,,,,,,,,,,,,,,,,,,,,,,,,,,,,,,
(+)TRANSFERENCIAS ENVIADAS,3384345.2299999995,0.9793985573669126,,2220471.3998227925,1,,1163873.830177207,0.5241561905593972,,181618.44,0.17258450741124837,,2134416.4413699685,1,,-1952798.0013699685,-0.9149095572542401,,1955321.6400000001,0.9584334282194638,,1899159.5668984463,1,,56162.07310155383,0.02957206655008625,,5521285.31,0.8432015642683686,,1104662.9500000002,0.455216460275994,,3205789.2021933976,1,,-2101126.2521933974,-0.6554162234858765,,1731186.24,0.934098603869763,,2085587.7605529816,1,,-354401.52055298164,-0.1699288456022652,,2597237.84,0.7852960185727241,,2668131.8607866415,1,,-70894.02078664163,-0.026570658605208533,,5433087.03,0.7160731649565507,,668155.6300000001,0.8233625805014523,,3266052.5060956506,1,,-2597896.8760956507,-0.7954241002699813,,1236130.8599999999,0.5155205491324089,,2050175.134293953,1,,-814044.2742939531,-0.39706084649899764,,1418723.1999999997,0.9316517085941715,,2022750.2448024543,1,,-604027.0448024545,-0.2986167206527492,,3323009.6899999995,0.7022226855417967,,5282591.959999998,0.9110797661052238,,2052329.2919483643,1,,3230262.668051634,1.573949502511367,,,,,,,,,,,,,,,,,0,,,5282591.959999998,0.9110797661052238,,19559973.99,0.7930051178870996,,23604863.408764645,1,,-4044889.418764647,-0.1713583064947011,,37031741.625997424,0.8205915654287885,,37521285.4,0.8370064487828551
(+)P.T. PENDIENTE TRANSFERIR,0,,,0,,,0,,,0,,,0,,,0,,,0,,,0,,,0,,,0,,,0,,,0,,,0,,,0,,,0,,,0,,,0,,,,,,0,,,0,,,0,,,,,,0,,,0,,,,,,0,,,0,,,,,,0,,,0,,,0,,,,,,0,,,,,,,,,,,,,,,,,,0,,,0,,,0,,,0,,,0,,,3900.0100000000093,8.642086951808978e-05,,3900.0100000000093,
,,,,,,,,,,,,,,,,,,,,,,,,,,,,,,,,,,,,,,,,,,,,,,,,,,,,,,,,,,,,,,,,,,,,,,,,,,,,,,,,,,,,,,,,,,,,,,,,,,,,,,,,,,,,,,,,,,,,,,,,,,,,,,,,,,,,,,
TOTAL VENTAS C/TRANSFERENC,3455534.2199999997,,,2220471.3998227925,,,1235062.820177207,0.5562164954143399,,1052344.98,,,2134416.4413699685,,,-1082071.4613699685,-0.5069636085990062,,2040122.54,,,1899159.5668984463,,,140962.97310155383,0.07422387015734705,,6548001.74,,,2426676.2,,,3205789.2021933976,,,-779113.0021933974,-0.2430331356972346,,1853322.8,,,2085587.7605529816,,,-232264.96055298165,-0.11136666840209969,,3307336.0599999996,,,2668131.8607866415,,,639204.1992133583,0.23956994352779193,,7587335.06,,,811496.2300000001,,,3266052.5060956506,,,-2454556.2760956506,-0.7515360734447929,,2397830.4299999997,,,2050175.134293953,,,347655.295706047,0.16957346223290998,,1522804.2699999998,,,2022750.2448024543,,,-499945.9748024545,-0.24716149514112662,,4732130.93,,,5798166.259999998,,,2052329.2919483643,,,3745836.968051634,1.8251637214101981,,,,,,,,,,,,,,,,,0,,,5798166.259999998,,,24665633.99,1,,23604863.408764645,,,1060770.581235353,0.044938645179428645,,45128104.14599742,1,,44832612.059999995,1
,0.00569815280182803,,,,,,,,,0.001962035770146162,,,,,,,,,0.0035219789994468723,,,,,,,,,0.1869463321454706,,,0.0043396435123263955,,,,,,,,,0.0032899558957169136,,,,,,,,,0.006513996061559211,,,,,,,,,0.1869463321454706,,,0.0013600446417442252,,,,,,,,,0.004738526578349683,,,,,,,,,0.002881137645729923,,,,,,,,,0.1869463321454706,,,0.009181094952527266,,,,,,,,,,,,,,,,,,,,,,,,,,,0.1869463321454706,,,,,,,,,,,,,,,,
INVENTARIO INICIAL,31653749.07,,,,,,,,,30768791.29,,,,,,,,,30568235.13,,,,,,,,,31653749.07,,,31567648.57,,,,,,,,,32311498.57,,,,,,,,,32034871.61,,,,,,,,,31567648.57,,,30932095.69,,,,,,,,,30623423.61,,,,,,,,,29976500.43,,,,,,,,,30932095.69,,,31162571.049999997,,,,,,,,,,,,,,,,,,,,,,,,,,,31162571.049999997,,,,,,,,,,,,,,,,
(+) COMPRAS,1624533.47,,,,,,,,,300254,,,,,,,,,2333322.05,,,,,,,,,4258109.52,,,1634848.04,,,,,,,,,851824.29,,,,,,,,,971178.95,,,,,,,,,3457851.2800000003,,,319667.76,,,,,,,,,107822.68,,,,,,,,,1675363.55,,,,,,,,,2102853.99,,,1471528.61,,,,,,,,,,,,,,,,,,,,,,,,,,,1471528.61,,,,,,,,,,,,,,,,
(+)TRANSFERENCIAS RECIBIDAS,42572.17,,,,,,,,,27435.74,,,,,,,,,1808.4,,,,,,,,,71816.31,,,485005.76,,,,,,,,,12943.150000000001,,,,,,,,,66701.29,,,,,,,,,564650.2,,,1867.15,,,,,,,,,433293.69,,,,,,,,,538265.23,,,,,,,,,973426.07,,,13757.19,,,,,,,,,,,,,,,,,,,,,,,,,,,13757.19,,,,,,,,,,,,,,,,
(--) INVENTARIO FINAL,30768791.29,,,,,,,,,30568235.13,,,,,,,,,31567648.57,,,,,,,,,31567648.57,,,32311498.57,,,,,,,,,32034871.61,,,,,,,,,30932095.69,,,,,,,,,30932095.69,,,30623423.61,,,,,,,,,29976500.43,,,,,,,,,31162571.049999997,,,,,,,,,31162571.049999997,,,28678754.09,,,,,,,,,,,,,,,,,,,,,,,,,,,0,,,,,,,,,,,,,,,,
MATERIALES,2552063.42,0.738543813349937,,1513269.550177622,0.6815082375293778,,1038793.869822378,0.05703557582055918,,528245.9000000001,0.5019702759450614,,1403373.3106220365,0.6574974233806434,,-875127.4106220363,-0.15552714743558205,,1335717.0099999993,0.6547239118293352,,1237230.1996631445,0.6514619525539335,,98486.81033685477,0.003261959275401738,,4416026.329999999,0.6744082401541939,,1376003.799999999,0.5670323053401187,,2059036.3048420267,0.6422868675935511,,-683032.5048420276,-0.07525456225343241,,1141394.4,0.6158637880028238,,1375820.487737469,0.6596799778747637,,-234426.087737469,-0.043816189871939915,,2140656.1599999974,0.6472448282137975,,1717562.7724306954,0.643732342345445,,423093.387569302,0.0035124858683525106,,4658054.359999997,0.6139249582580049,,630206.9900000036,0.7765987896209986,,2059199.584098493,0.6304857562011854,,-1428992.5940984893,0.1461130334198132,,1188039.5499999993,0.4954643727663426,,1364847.580897004,0.6657224341797685,,-176808.03089700476,-0.17025806141342592,,1027558.1600000034,0.6747801935175842,,1308053.381478525,0.6466707320093649,,-280495.2214785216,0.028109461508219358,,2845804.7000000062,0.6013791127288202,,3969102.7599999965,0.6845444890709288,,1332386.1511348481,0.6492068092396405,,2636716.6088651484,0.03533767983128833,,,,,,,,,,,,,,,,,0,,,3969102.7599999965,0.6845444890709288,,15888988.15,0.6441751368094473,,15370779.323081866,0.6511700176741795,,518208.82691813447,-0.006994880864732211,,28795177.027325977,0.6380763732987424,,28646883.38000001,0.6389742213025991
(+) VARIACION EN COMPRAS,-175630.71,-0.050825921208790696,,0,0,,-175630.71,,,-46116.38,-0.043822492506212174,,0,0,,-46116.38,,,-418627.74,-0.20519735054738428,,0,0,,-418627.74,,,-640374.83,-0.09779698531356834,,-123210.77,-0.05077346948884239,,0,0,,-123210.77,,,-322722.24,-0.17413169470531523,,0,0,,-322722.24,,,178882.27,0.05408651154730252,,0,0,,178882.27,,,-267050.74,-0.03519690878130272,,-68941.67,-0.08495624187927527,,0,0,,-68941.67,,,-8101.62,-0.0033787293290793714,,0,0,,-8101.62,,,-293725.92,-0.1928848807338845,,0,0,,-293725.92,,,-370769.20999999996,-0.0783514267640942,,-55358.91,-0.009547658262562484,,0,0,,-55358.91,,,,,,,,,,,,,,,,,,0,,,-55358.91,-0.009547658262562484,,-1333553.6899999997,-0.05406525088877311,,0,0,,-1333553.6899999997,,,-544491.3943576918,-0.012065461305357865,,-605281.8600000001,-0.013500927833291187
(+) VARIACION STD,0,0,,0,0,,0,,,0,0,,0,0,,0,,,0,0,,0,0,,0,,,0,0,,0,0,,0,0,,0,,,0,0,,0,0,,0,,,0,0,,0,0,,0,,,0,0,,0,0,,0,0,,0,,,0,0,,0,0,,0,,,0,0,,0,0,,0,,,0,0,,-2.22,0,,0,0,,-2.22,,,,,,,,,,,,,,,,,,0,,,-2.22,0,,-2.22,0,,0,0,,-2.22,,,-138327.4425908674,-0.003065217234549752,,-138326.36,-0.0030853959571857255
FLETES MERCANCIAS,82500,0.023874745480020165,,907.7187959465298,0,,81592.28120405348,0.023874745480020165,,4188.7300000000005,0.0039803772333289415,,465.8012107853694,0,,3722.9287892146313,0.0039803772333289415,,3983.98,0.0019528140696881864,,323.48946442161343,0,,3660.4905355783867,0.0019528140696881864,,90672.71,0.013847386363095255,,0,0,,312.6119639697327,0,,-312.6119639697327,,,122000,0.06582771225822075,,491.2714173737338,0,,121508.72858262627,0.06582771225822075,,106258.91,0.03212824704605314,,290.7912709135825,0,,105968.11872908642,0.03212824704605314,,228258.91,0.03008420060468504,,11197.580000000002,0.013798683944594542,,12.59131157327839,0,,11184.988688426723,0.013798683944594542,,-98758.91,-0.04118677816596064,,581.2479864429662,0,,-99340.15798644297,-0.04118677816596064,,0,0,,267.6248194680863,0,,-267.6248194680863,,,-87561.33,-0.01850357297700552,,156768.06,0.02703752410162865,,312.8468032331629,0,,156455.21319676682,0.02703752410162865,,,,,,,,,,,,,,,,,0,,,156768.06,0.02703752410162865,,388138.35,0.01573599730529367,,3965.995044128055,0,,384172.35495587194,0.01573599730529367,,155631.51382428763,0.00344866058012967,,125427.46,0.002797683521810842
FLETES INTERPLANTAS,0,0,,1633.8938327037533,0,,-1633.8938327037533,,,0,0,,838.4421794136649,0,,-838.4421794136649,,,15000,0.007352499521915972,,582.2810359589041,0,,14417.718964041096,0.007352499521915972,,15000,0.0022907752006797724,,0,0,,562.7015351455187,0,,-562.7015351455187,,,0,0,,884.2885512727207,0,,-884.2885512727207,,,0,0,,523.4242876444484,0,,-523.4242876444484,,,0,0,,1269.21,0.0015640368409351698,,22.6643608319011,0,,1246.545639168099,0.0015640368409351698,,6945.78,0.0028966935747829345,,1046.246375597339,0,,5899.53362440266,0.0028966935747829345,,3405.24,0.0022361639424612334,,481.72467504255525,0,,2923.5153249574446,0.0022361639424612334,,11620.23,0.0024556019628138226,,3641.3999999999996,0,,563.1242458196932,0,,3078.2757541803066,,,,,,,,,,,,,,,,,,0,,,3641.3999999999996,0,,30261.629999999997,0.001226874201257861,,7138.791079430499,0,,23122.8389205695,0.001226874201257861,,8341.91,0,,0,0
GASTOS DE IMPORTACION MERCANCIAS,62736.3,0.018155311452826534,,726.1750367572238,0,,62010.12496324278,0.018155311452826534,,0,0,,372.6409686282955,0,,-372.6409686282955,,,7101.98,0.0034811536369771198,,258.79157153729074,0,,6843.1884284627085,0.0034811536369771198,,69838.28,0.010665586658808675,,33370.75,0.01375162866805221,,250.08957117578615,0,,33120.660428824216,0.01375162866805221,,75650.73,0.040818971201347115,,393.017133898987,0,,75257.712866101,0.040818971201347115,,33145,0.010021660756179704,,232.633016730866,0,,32912.36698326914,0.010021660756179704,,142166.47999999998,0.018737340433203433,,135895.56,0.16746295913167702,,10.073049258622712,0,,135885.48695074138,0.16746295913167702,,-169040.56,-0.07049729534043823,,464.998389154373,0,,-169505.55838915438,-0.07049729534043823,,93337,0.06129284100313168,,214.09985557446902,0,,93122.90014442553,0.06129284100313168,,60192,0.0127198509277088,,142734.37,0.024617157149267405,,250.27744258653036,0,,142484.09255741347,0.024617157149267405,,,,,,,,,,,,,,,,,0,,,142734.37,0.024617157149267405,,414931.13,0.016822236564777632,,3172.7960353024446,0,,411758.33396469755,0.016822236564777632,,1437940.902135686,0.031863534472524976,,1431725.2800000003,0.03193490662743242
(+) GTOS S/COMPRA,145236.3,0.0420300569328467,,3267.787665407507,0.0014716639294107985,,141968.51233459252,0.0405583930034359,,4188.7300000000005,0.0039803772333289415,,1676.8843588273298,0,,2511.8456411726706,0.0039803772333289415,,26085.96,0.012786467228581278,,1164.5620719178082,0,,24921.39792808219,0.012786467228581278,,175510.99,0.0268037482225837,,33370.75,0.01375162866805221,,1125.4030702910377,0,,32245.346929708965,0.01375162866805221,,197650.72999999998,0.10664668345956785,,1768.5771025454414,0,,195882.15289745457,0.10664668345956785,,139403.91,0.04214990780223284,,1046.8485752888969,0,,138357.0614247111,0.04214990780223284,,370425.39,0.04882154103788848,,148362.35,0.18282567991720675,,45.3287216638022,0,,148317.0212783362,0.18282567991720675,,-260853.69,-0.10878737993161594,,2092.492751194678,0.0010206409765648136,,-262946.1827511947,-0.10980802090818076,,96742.24,0.06352900494559292,,963.4493500851106,0,,95778.79064991488,0.06352900494559292,,-15749.100000000006,-0.0033281200864829002,,303143.82999999996,0.05228270739514808,,1126.2484916393864,0,,302017.58150836057,0.05228270739514808,,,,,,,,,,,,,,,,,0,,,303143.82999999996,0.05228270739514808,,833331.11,0.033785108071329166,,14277.582158860998,0,,819053.527841139,0.033785108071329166,,1601914.3259599737,0.03549704460833313,,1557152.7400000002,0.03473259014924326
TOTAL MATERIALES,2521669.01,0.729747949073993,,1516537.3378430293,0.6829799014587886,,1005131.6721569706,0.04676804761520437,,486318.2500000001,0.46212816067217816,,1405050.1949808637,0.6582830640486618,,-918731.9449808636,-0.1961549033764836,,943175.2299999993,0.46231302851053213,,1238394.7617350623,0.6520751511983316,,-295219.531735063,-0.18976212268779946,,3951162.4899999993,0.6034150030632092,,1286163.779999999,0.5300104645193285,,2060161.7079123177,0.6426379209533669,,-773997.9279123186,-0.11262745643403838,,1016322.8899999999,0.5483787767570765,,1377589.0648400143,0.6605279772426141,,-361266.1748400144,-0.11214920048553767,,2458942.3399999975,0.7434812475633329,,1718609.6210059843,0.6441246949838862,,740332.7189940132,0.09935655257944664,,4761429.009999997,0.6275495905145907,,709627.6700000035,0.8744682276589301,,2059244.912820157,0.6304996349497908,,-1349617.242820153,0.2439685927091393,,919084.2399999993,0.3832982635056472,,1366940.0736481987,0.6667430751563332,,-447855.83364819945,-0.283444811650686,,830574.4800000035,0.5454243177292927,,1309016.83082861,0.6471470386382038,,-478442.35082860664,-0.1017227209089111,,2459286.390000006,0.519699565878243,,4216885.459999996,0.7272791553238416,,1333512.3996264874,0.6497555752179158,,2883373.0603735084,0.07752358010592575,,,,,,,,,,,,,,,,,0,,,4216885.459999996,0.7272791553238416,,15388763.35,0.6238949039882352,,15385056.905240728,0.6517748753220132,,3706.444759273785,-0.027879971333777953,,29714272.51633739,0.6584427393671679,,29460427.900000013,0.6571204876613655
,,,,,,,,,,,,,,,,,,,,,,,,,,,,,,,,,,,,,,,,,,,,,,,,,,,,,,,,,,,,,,,,,,,,,,,,,,,,,,,,,,,,,,,,,,,,,,,,,,,,,,,,,,,,,,,,,,,,,,,,,,,,,,,,,,,,,,
MANO DE OBRA,176450.19,0.051063071226075146,,117159.47211500001,0.052763333103209555,,59290.71788499999,-0.0017002618771344083,,140708.43,0.1337094134282847,,111301.49850925,0.052146102490576524,,29406.931490749994,0.08156331093770819,,140139.21,0.06869156496844547,,111301.49850925,0.058605659286975344,,28837.711490749993,0.01008590568147013,,457297.83,0.0698377685525783,,141121.42,0.05815420285574153,,119092.60340489751,0.03714923093614966,,22028.8165951025,0.021004971919591865,,183933.08,0.09924503168039588,,148865.7542561219,0.07137832177182081,,35067.325743878086,0.027866709908575066,,170563.2,0.05157117296389894,,121474.45547299547,0.04552790559503357,,49088.74452700454,0.006043267368865367,,495617.70000000007,0.06532170993908895,,150194.76,0.18508374339582576,,125118.68913718534,0.038308841913492826,,25076.070862814668,0.14677490148233294,,175382.79,0.07314228220883827,,156398.36142148168,0.07628536645740888,,18984.42857851833,-0.003143084248570613,,164629.34,0.10810932385946095,,125118.68913718534,0.06185572809034794,,39510.650862814655,0.04625359576911301,,490206.89,0.10359115105887402,,253620.94,0.04374157770356866,,161090.31226412614,0.07849145499998988,,92530.62773587386,-0.034749877296421226,,,,,,,,,,,,,,,,,0,,,253620.94,0.04374157770356866,,1696743.36,0.06878977287540625,,1296921.3342274935,0.05494297136012818,,399822.0257725066,0.013846801515278069,,2305068.7407645667,0.051078342074979716,,2229627.91,0.04973227763343487
,,,,,,,,,,,,,,,,,,,,,,,,,,,,,,,,,,,,,,,,,,,,,,,,,,,,,,,,,,,,,,,,,,,,,,,,,,,,,,,,,,,,,,,,,,,,,,,,,,,,,,,,,,,,,,,,,,,,,,,,,,,,,,,,,,,,,,
GASTOS DE FABRICACION:,,,,,,,,,,,,,,,,,,,,,,,,,,,,,,,,,,,,,,,,,,,,,,,,,,,,,,,,,,,,,,,,,,,,,,,,,,,,,,,,,,,,,,,,,,,,,,,,,,,,,,,,,,,,,,,,,,,,,,,,,,,,,,,,,,,,,,
MANO DE OBRA INDIRECTA,331202.3,0.09584691654420949,,302787.83193119994,0.13636195987724242,,28414.46806880005,-0.040515043333032935,,261302.59,0.24830506627208884,,282602.1783276745,0.13240254940422366,,-21299.588327674515,0.11590251686786518,,255448.46,0.12521231200161143,,282602.1783276745,0.14880380946041175,,-27153.71832767452,-0.02359149745880032,,847953.35,0.12949803370088903,,225231.45,0.09281479333748771,,296732.2872440583,0.09256138458543511,,-71500.83724405826,,,282525.43,0.15244264517762365,,321459.73057082377,0.15413387854059452,,-38934.300570823776,-0.001691233362970862,,236674.82,0.07156055983013714,,296732.2872440583,0.11121350170323784,,-60057.467244058265,-0.0396529418731007,,744431.7,0.0981150422530569,,221136.30000000002,0.27250440830760236,,308601.57873382064,0.09448763550428446,,-87465.27873382063,0.1780167728033179,,236821.36,0.0987648488554714,,334318.11979365675,0.1630680785272476,,-97496.75979365676,-0.06430322967177621,,192618.19,0.1264891317910476,,308601.57873382064,0.1525653399507853,,-115983.38873382064,-0.026076208159737713,,650575.85,0.1374805261358227,,236613.29,0.04080829686315344,,334318.11979365675,0.16289691966354689,,-97704.82979365674,-0.12208862280039345,,,,,,,,,,,,,,,,,0,,,236613.29,0.04080829686315344,,2479574.19,0.10052748658336838,,3068755.890700444,0.1300052382239583,,-589181.7007004442,-0.02947775164058991,,3139759.149206424,0.0695743641046552,,3084111.97,0.06879170827415762
MANTENIMIENTO INSTALACIONES,9810.6,0.002839097915227707,,12845.84,0.005785185974935402,,-3035.24,-0.0029460880597076953,,4067.8,0.0038654624455946,,19483.88,0.009128434181051536,,-15416.080000000002,-0.005262971735456937,,12131.08,0.005946250660021628,,11840,0.006234336601497962,,291.0799999999999,,,26009.480000000003,0.003972124784438436,,6997.66,0.002883639770316287,,4342.4400000000005,0.0013545619272249429,,2655.2199999999993,0.001529077843091344,,8593.55,0.004636833907185515,,7618.799999999999,0.0036530709203912463,,974.75,0.0009837629867942687,,16564.829999999998,0.005008511291108409,,7456.59,0.0027946857160956,,9108.239999999998,0.0022138255750128095,,32156.039999999997,0.004238120465975573,,3664.91,0.004516237863483358,,0,0,,3664.91,,,7712.860000000001,0.003216599432346015,,10327,0.0050371306466734855,,-2614.1399999999994,-0.0018205312143274705,,8774.76,0.00576223758553028,,10247,0.0050658750512230155,,-1472.2399999999998,,,20152.530000000002,0.004258658582804682,,5186.46,0,,62602,0.03050290235860213,,-57415.54,-0.03050290235860213,,,,,,,,,,,,,,,,,0,,,5186.46,0,,83504.51000000001,0.003385459706158561,,146763.55,0.006217513207278535,,-63259.03999999998,-0.002832053501119974,,86078.34482092278,0.001907422136379673,,140871.32,0.0031421617774906874
MANTENIMIENTO ACTIVO FIJO,36440.869999999995,0.010545654500854573,,102020.59,0.04594546455682423,,-65579.72,-0.035399810055969656,,80683.43000000001,0.07667013340055084,,90863.67,0.04257073185853059,,-10180.23999999999,0.034099401542020256,,70283.25,0.034450504134913386,,43560.05,0.022936487675513623,,26723.199999999997,0.011514016459399763,,187407.55,0.028620571197343632,,70142.59,0.028904799906967395,,89735.55999999998,0.027991721956828294,,-19592.969999999987,0.0009130779501391011,,78601.56,0.04241115471087929,,93183.06,0.04467951997152737,,-14581.5,-0.002268365260648081,,46224.26000000001,0.013976281563597748,,49003.48,0.018366213724366823,,-2779.219999999994,-0.004389932160769074,,194968.41,0.02569655991968279,,60936.68,0.07509175982247014,,95134.81,0.029128377398233367,,-34198.13,0.045963382424236775,,51458.52,0.021460449978524962,,16623.94,0.008108546300228645,,34834.58,0.013351903678296317,,61012.869999999995,0.040066127474150046,,66988.62,0.033117593322324494,,-5975.75,0.006948534151825551,,173408.06999999998,0.03664481658794677,,92479.82999999999,0.015949841010595652,,50049.119999999995,0.02438649596648607,,42430.70999999999,-0.008436654955890417,,,,,,,,,,,,,,,,,0,,,92479.82999999999,0.015949841010595652,,648263.86,0.026282067603160767,,697162.8999999999,0.029534714432668082,,-48899.03999999992,-0.003252646829507315,,724319.5788686589,0.016050299310721244,,697162.8999999999,0.015550352030949677
DEPRECIACIONES Y AMORT.,414727.25,0.12001827318034779,,414895.5,0.1868501886730499,,-168.25,-0.06683191549270211,,414016.37,0.39342266829647443,,414895.5,0.19438357574386966,,-879.1300000000047,0.19903909255260477,,414019.42,0.20293850584092854,,414895.5,0.21846268593300655,,-876.0800000000163,-0.01552418009207801,,1242763.04,0.18979271682356028,,408091.58,0.16816894647913883,,414895.5,0.1294207054275836,,-6803.919999999984,0.03874824105155522,,408091.58,0.22019455002657928,,414895.5,0.19893456791767555,,-6803.919999999984,0.02125998210890373,,408091.58,0.12338981361331636,,414895.5,0.15550037316284546,,-6803.919999999984,-0.0321105595495291,,1224274.74,0.16135767437691095,,408091.58,0.5028878322700279,,414895.5,0.12703270973925035,,-6803.919999999984,0.3758551225307775,,408091.58,0.17019200978277688,,414895.5,0.20237075997065163,,-6803.919999999984,-0.03217875018787475,,408089.5,0.2679855238388582,,414895.5,0.2051145469224845,,-6806,0.06287097691637372,,1224272.6600000001,0.2587148745692039,,406439.02,0.07009785538643733,,414895.5,0.20215834838381216,,-8456.479999999981,-0.13206049299737482,,,,,,,,,,,,,,,,,0,,,406439.02,0.07009785538643733,,4097749.4600000004,0.16613193326639486,,4148955,0.1757669565018311,,-51205.53999999957,-0.009635023235436246,,4269934.212955327,0.09461807212510706,,4279826.9,0.09546235883539998
FLETES REFACCIONES,0,0,,0,0,,0,,,0,0,,16559,0.007758092413011801,,-16559,,,0,0,,14055,0.007400641970781575,,-14055,,,0,0,,99895.73000000001,0.041165661079957845,,18189,0.005673797886509539,,81706.73000000001,0.035491863193448304,,1422.11,0,,19606,0.009400707259042209,,-18183.89,-0.009400707259042209,,4123.27,0.001246704273529434,,18332,0.0068707248953562595,,-14208.73,-0.005624020621826826,,105441.11000000002,0.013896988753782546,,5841.719999999999,0.007198702574379179,,22562,0.006908033461768003,,-16720.28,,,0,0,,20623,0.010059140633906003,,-20623,,,0,0,,21512,0.010635025285635747,,-21512,,,5841.719999999999,0.0012344797906933653,,0,0,,25127,0.012243162000648473,,-25127,,,,,,,,,,,,,,,,,,0,,,0,0,,111282.83000000002,0.004511654962735463,,176565,0.007480026337896122,,-65282.169999999984,-0.0029683713751606595,,63814.80000000001,0.0014140811187978962,,65341.75000000001,0.0014574602504211086
GASTOS DE IMPORTACION REFACCIONES,0,0,,0,0,,0,,,0,0,,26161,0.012256745915623028,,-26161,,,0,0,,22076,0.011624089089076773,,-22076,,,0,0,,3721.41,0.0015335420522935856,,36317.78,0.011328811007021738,,-32596.37,-0.009795268954728154,,0,0,,45359,0.02174878509450656,,-45359,,,5627.21,0.0017014327839427364,,37321,0.013987689494850042,,-31693.79,-0.012286256710907306,,9348.619999999999,0.001232134857110159,,33822.56,0.04167925709279018,,38706,0.0118510035976949,,-4883.440000000002,0.029828253495095283,,0,0,,38204,0.018634505589766037,,-38204,,,0,0,,40776,0.020158692406428192,,-40776,,,33822.56,0.007147426920412788,,0,0,,42148,0.020536665419800686,,-42148,,,,,,,,,,,,,,,,,,0,,,0,0,,43171.17999999999,0.0017502562479238344,,327068.78,0.013855991214020633,,-283897.60000000003,-0.012105734966096798,,86716.67254587186,0.001921566930118049,,91865.08,0.002049068206801244
HONORARIOS,0,0,,0,0,,0,,,0,0,,0,0,,0,,,0,0,,0,0,,0,,,0,0,,44934,0.01851668549763664,,0,0,,44934,,,6300,0.003399299895301563,,0,0,,6300,,,5850,0.0017687951553371933,,0,0,,5850,,,57084,0.007523590239337605,,5000,0.006161458076028276,,0,0,,5000,,,-3150,-0.0013136875571305518,,0,0,,-3150,,,3150,0.00206855211930815,,0,0,,3150,,,5000,0.0010566064367115895,,36339.66,0.00626744014753382,,0,0,,36339.66,,,,,,,,,,,,,,,,,,0,,,36339.66,0.00626744014753382,,98423.66,0.003990315434012488,,0,0,,98423.66,,,0,0,,0,0
MATERIALES INDIRECTOS,19968,0.0057785565787277894,,67182.62813840606,0.030256020475547513,,-47214.62813840606,-0.024477463896819724,,5495,0.0052216716993319055,,86057.3037552091,0.040318890956430924,,-80562.3037552091,-0.03509721925709902,,27359.66,0.013410792471318904,,53196.853357540116,0.02801073395028987,,-25837.193357540116,-0.014599941478970967,,52822.66,0.008066989304129293,,43598.12,0.01796618766030672,,16484.71385702147,0.005142170248044584,,27113.406142978532,0.012824017412262138,,0,0,,18110.78124757957,0.008683778064931489,,-18110.78124757957,,,139340.13,0.04213062339966747,,14198.641431020129,0.005321566613590815,,125141.48856897987,0.036809056786076655,,182938.25,0.024111001893726836,,51937.94,0.06400268797305442,,87700.2577773182,0.026852066099255105,,-35762.317777318196,0.03715062187379931,,21527.56,0.008977932605517899,,0,0,,21527.56,,,7853.74,0.005157419213173076,,40651.10922316756,0.02009694935280437,,-32797.36922316756,-0.014939530139631292,,81319.24,0.017184486482498915,,14435.25,0.00248962333135994,,161.94741527065048,0,,14273.30258472935,0.00248962333135994,,,,,,,,,,,,,,,,,0,,,14435.25,0.00248962333135994,,331515.39999999997,0.013440376198495597,,383744.23620253295,0.016256998803900986,,-52228.836202532984,-0.0028166226054053885,,490598.19,0.010871234218322753,,399496.39,0.008910843505289173
COMBUSTIBLE,97523.47,0.028222400297919784,,70615.96967184127,0.03180224238757449,,26907.500328158727,-0.0035798420896547035,,178961.65999999997,0.17005987903320446,,99041.87012574254,0.046402317844859195,,79919.78987425743,0.12365756118834527,,79694,0.03906333979330477,,54790.84782871099,0.028850049666016727,,24903.15217128901,0.010213290127288045,,356179.13,0.05439508786691312,,133480.46,0.055005467973024164,,66130.79143254065,0.020628552678165497,,67349.66856745935,0.034376915294858666,,113064.69,0.061006474425286304,,57737.501178559156,0.027684042968899276,,55327.18882144085,0.033322431456387025,,114628.92,0.034658987753424735,,85776.69637315186,0.03214859716410809,,28852.223626848136,0.0025103905893166453,,361174.06999999995,0.047602230182780404,,99555.09,0.12268090265804436,,92356.75324682357,0.028277791944389147,,7198.336753176423,0.09440311071365522,,74466.24,0.031055673941046788,,103582.52108442242,0.05052374275336949,,-29116.281084422415,-0.0194680688123227,,111177.95,0.07300869336280494,,131127.5071262987,0.06482634594322093,,-19949.557126298707,0.008182347419584013,,285199.28,0.06026867899870219,,153453.62,0.026465888199625386,,144471.78265406177,0.07039405577888941,,8981.837345938227,-0.04392816757926402,,,,,,,,,,,,,,,,,0,,,153453.62,0.026465888199625386,,1156006.1,0.04686707426489305,,905632.240722153,0.038366341081469066,,250373.8592778471,0.00850073318342398,,923360.9759204122,0.020460885592117402,,916072.0800000001,0.020433163224440512
HERRAMIENTAS Y EQ MENORES,6722.82,0.0019455226231271413,,7555.065098913876,0.003402459990935626,,-832.2450989138761,-0.0014569373678084848,,14193.02,0.013487041103194127,,50162.29576386836,0.02350164419257933,,-35969.275763868354,-0.010014603089385203,,5855.81,0.002870322681695385,,11472.871137798034,0.006041025376574649,,-5617.061137798034,-0.0031707026948792644,,26771.65,0.004088522126751909,,8841.9,0.003643625795645912,,4590.053094652245,0.0014318012836002242,,4251.846905347755,0.0022118245120456882,,6286.35,0.00339193474552841,,1325.3552864114306,0,,4960.9947135885695,0.00339193474552841,,22829.56,0.006902703440423893,,2979.8238288619195,0.0011168203013712306,,19849.73617113808,0.005785883139052662,,37957.810000000005,0.005002785523485239,,1258.4,0.0015507157685747967,,452.1006936702449,0,,806.2993063297552,0.0015507157685747967,,2703.53,0.0011274900702632257,,677.11985063609,0,,2026.4101493639103,0.0011274900702632257,,20195.95,0.013262341325060774,,2334.2092802188295,0.001153977999121089,,17861.74071978117,0.012108363325939685,,24157.88,0.005105074301061235,,4712.15,0,,2386.0831429521213,0.0011626219789938827,,2326.0668570478783,-0.0011626219789938827,,,,,,,,,,,,,,,,,0,,,4712.15,0,,93599.48999999999,0.0037947327864326264,,83934.97717798315,0.00355583405523192,,9664.51282201684,,,87381.1510437985,0.0019362912025088618,,87371.98,0.0019488487506163835
EQ PROTECCION Y SEGURIDAD,0,0,,0,0,,0,,,0,0,,0,0,,0,,,0,0,,0,0,,0,,,0,0,,0,0,,0,0,,0,,,0,0,,0,0,,0,,,0,0,,0,0,,0,,,0,0,,0,0,,0,0,,0,,,0,0,,0,0,,0,,,0,0,,0,0,,0,,,0,0,,0,0,,0,0,,0,,,,,,,,,,,,,,,,,,0,,,0,0,,0,0,,0,0,,0,,,0,0,,0,0
MAQUILA,0,0,,0,0,,0,,,0,0,,0,0,,0,,,0,0,,0,0,,0,,,0,0,,0,0,,0,0,,0,,,0,0,,0,0,,0,,,0,0,,0,0,,0,,,0,0,,0,0,,0,0,,0,,,0,0,,0,0,,0,,,0,0,,0,0,,0,,,0,0,,0,0,,0,0,,0,,,,,,,,,,,,,,,,,,0,,,0,0,,0,0,,0,0,,0,,,0,0,,0,0
DIVERSOS,0,0,,0,0,,0,,,0,0,,0,0,,0,,,0,0,,0,0,,0,,,0,0,,0,0,,0,0,,0,,,0,0,,0,0,,0,,,0,0,,0,0,,0,,,0,0,,0,0,,0,0,,0,,,0,0,,0,0,,0,,,0,0,,0,0,,0,,,0,0,,0,0,,0,0,,0,,,,,,,,,,,,,,,,,,0,,,0,0,,0,0,,0,0,,0,,,0,0,,0,0
RECOLECCION DE BASURA ,3545,0.0010258905785051088,,8007,0.003605991052458054,,-4462,-0.0025801004739529456,,0,0,,8007,0.0037513766502195478,,-8007,,,6680,0.0032743131204265798,,8007,0.0042160754365028865,,-1327,-0.0009417623160763067,,10225,0.001561545095130045,,0,0,,8007,0.002497668903033805,,-8007,,,4315,0.0023282506425755943,,8007,0.0038392054994976525,,-3692,-0.0015109548569220582,,0,0,,8007,0.0030009761202878884,,-8007,,,4315,0,,15025,0.01851518151846497,,8007,0.00245158336709407,,7018,0.0160635981513709,,0,0,,8007,0.0039055200046397404,,-8007,,,0,0,,8007,0.003958471897642498,,-8007,,,15025,0.0031751023423183264,,4480,0,,8007,0.0039014207083691776,,-3527,-0.0039014207083691776,,,,,,,,,,,,,,,,,0,,,4480,0,,34045,0.001380260487681063,,80070,0.00339209757808933,,-46025,-0.002011837090408267,,52385.00329600226,0.001160806647815904,,52385,0.0011684574597146506
ARRENDAMIENTO DE EQUIPOS,0,0,,0,0,,0,,,0,0,,0,0,,0,,,0,0,,0,0,,0,,,0,0,,0,0,,0,0,,0,,,0,0,,0,0,,0,,,0,0,,0,0,,0,,,0,0,,0,0,,0,0,,0,,,0,0,,0,0,,0,,,0,0,,0,0,,0,,,0,0,,0,0,,0,0,,0,,,,,,,,,,,,,,,,,,0,,,0,0,,0,0,,0,0,,0,,,0,0,,0,0
GASTOS DE FABRICACION,919940.3099999999,0.26622231221891934,,985910.4248403611,0.4440095129885676,,-65970.11484036114,-0.17778720076964827,,958719.8699999999,0.911031922250439,,1093833.6979724944,0.5124743591603992,,-135113.82797249453,0.39855756309003987,,871471.68,0.42716634070422066,,916496.3006517238,0.4825799351596724,,-45024.62065172368,-0.05541359445545174,,2750131.86,0.4199955908991557,,1044934.9,0.43060334955277507,,955425.1256282725,0.29803117590344735,,89509.77437172743,0.13257217364932772,,909200.2699999999,0.49057847343161154,,987302.728283374,0.47339303910260594,,-78102.4582833739,0.0171854343290056,,999954.5800000001,0.3023444131044851,,934703.0188770922,0.35032114889611005,,65251.561122907835,-0.047976735791624925,,2954089.75,0.38934483934600356,,906270.1799999999,1.1167891439249198,,1068416.0004516328,0.3271276253084043,,-162145.82045163267,0.7896615186165155,,799631.6500000001,0.3334813171088167,,947258.2007287153,0.46203769857687577,,-147626.55072871526,-0.1285563814680591,,812872.96,0.533800026709933,,1045140.5243635057,0.5166928181316701,,-232267.56436350572,0.017107208578262867,,2518774.79,0.5322707311481765,,954139.28,0.16455879966436154,,1084166.5530059412,0.5282615013386548,,-130027.27300594127,-0.36370270167429325,,,,,,,,,,,,,,,,,0,,,954139.28,0.16455879966436154,,9177135.680000002,0.3720616175412567,,10018652.574803112,0.424431711436344,,-841516.8948031127,-0.05237009389508729,,9924348.078657418,0.21991502338654406,,9814505.370000001,0.21891442231528105
,,,,,,,,,,,,,,,,,,,,,,,,,,,,,,,,,,,,,,,,,,,,,,,,,,,,,,,,,,,,,,,,,,,,,,,,,,,,,,,,,,,,,,,,,,,,,,,,,,,,,,,,,,,,,,,,,,,,,,,,,,,,,,,,,,,,,,
COSTO DE VENTAS DIRECTO,3618059.51,1.0470333325189876,,2619607.2347983904,1.1797527475505658,,998452.2752016095,-0.13271941503157825,,1585746.55,1.506869496350902,,2610185.3914626082,1.2229035256996377,,-1024438.8414626082,0.2839659706512643,,1954786.1199999992,0.9581709341831982,,2266192.560896036,1.1932607456449795,,-311406.4408960367,-0.23508981146178132,,7158592.179999999,1.0932483625149432,,2472220.099999999,1.0187680169278452,,3134679.4369454877,0.9778183277929638,,-662459.3369454886,0.040949689134881395,,2109456.2399999998,1.1382022818690838,,2513757.54737951,1.2052993381170407,,-404301.30737951025,-0.06709705624795692,,3629460.119999998,1.097396833631717,,2774787.095356072,1.0399737494750299,,854673.0246439255,0.057423084156687176,,8211136.459999997,1.0822161397996832,,1766092.6100000036,2.176341114979676,,3252779.602408975,0.9959361021716878,,-1486686.9924089708,1.180405012807988,,1894098.6799999995,0.7899218628233022,,2470596.6357983956,1.205066140190618,,-576497.9557983964,-0.41514427736731574,,1808076.7800000035,1.1873336682986868,,2479276.044329301,1.2256955848602218,,-671199.2643292977,-0.03836191656153498,,5468268.070000006,1.1555614480852934,,5424645.679999997,0.9355795326917719,,2578769.264896555,1.2565085315565605,,2845876.4151034406,-0.32092899886478865,,,,,,,,,,,,,,,,,0,,,5424645.679999997,0.9355795326917719,,26262642.39,1.0647462944048982,,26700630.81427133,1.1311495581184854,,-437988.42427133233,-0.06640326371358718,,41943689.33575937,0.9294361048286917,,41504561.180000015,0.9257671876100815
,,,,,,,,,,,,,,,,,,,,,,,,,,,,,,,,,,,,,,,,,,,,,,,,,,,,,,,,,,,,,,,,,,,,,,,,,,,,,,,,,,,,,,,,,,,,,,,,,,,,,,,,,,,,,,,,,,,,,,,,,,,,,,,,,,,,,,
MARGEN DE BRUTO,-162525.29000000004,-0.04703333251898748,,-399135.8349755979,-0.1797527475505658,,236610.54497559753,0.13271941503157833,,-533401.5700000001,-0.5068694963509021,,-475768.9500926398,-0.2229035256996376,,-57632.61990736029,-0.2839659706512645,,85336.42000000086,0.0418290658168018,,-367032.9939975899,-0.19326074564497941,,452369.41399759054,0.2350898114617812,,-610590.4399999992,-0.09324836251494326,,-45543.899999998976,-0.018768016927845164,,71109.76524790982,0.02218167220703613,,-116653.6652479088,-0.0409496891348813,,-256133.4399999997,-0.13820228186908384,,-428169.7868265284,-0.20529933811704074,,172036.3468265286,0.0670970562479569,,-322124.0599999982,-0.09739683363171694,,-106655.23456943035,-0.039973749475029824,,-215468.82543056714,-0.05742308415668712,,-623801.3999999969,-0.08221613979968309,,-954596.3800000035,-1.1763411149796756,,13272.903686675709,0.004063897828312193,,-967869.2836866798,-1.180405012807988,,503731.75000000023,0.21007813717669782,,-420421.50150444265,-0.20506614019061792,,924153.2515044434,0.41514427736731574,,-285272.51000000373,-0.18733366829868672,,-456525.79952684673,-0.2256955848602218,,171253.28952684317,0.038361916561535064,,-736137.140000007,-0.1555614480852936,,373520.580000001,0.06442046730822809,,-526439.9729481905,-0.2565085315565605,,899960.5529481932,0.3209289988647886,,,,,,,,,,,,,,,,,0,,,373520.580000001,0.06442046730822809,,-1597008.4000000022,-0.06474629440489814,,-3095767.4055066854,-0.13114955811848528,,1498759.0055066852,0.06640326371358714,,3184414.8102380484,0.07056389517130837,,3328050.8799999803,0.07423281238991856
,,,,,,,,,,,,,,,,,,,,,,,,,,,,,,,,,,,,,,,,,,,,,,,,,,,,,,,,,,,,,,,,,,,,,,,,,,,,,,,,,,,,,,,,,,,,,,,,,,,,,,,,,,,,,,,,,,,,,,,,,,,,,,,,,,,,,,
GASTOS DE ADMINISTRACION:,,,,,,,,,,,,,,,,,,,,,,,,,,,,,,,,,,,,,,,,,,,,,,,,,,,,,,,,,,,,,,,,,,,,,,,,,,,,,,,,,,,,,,,,,,,,,,,,,,,,,,,,,,,,,,,,,,,,,,,,,,,,,,,,,,,,,,
LABOR INDIRECTA,345906.67000000004,0.10010222674050094,,281439.16000000003,0.1267474825491833,,64467.51000000001,-0.026645255808682364,,393923.82999999996,0.3743295568341096,,281439.16000000003,0.13185766120661965,,112484.66999999993,0.24247189562748997,,371794.13,0.182241077538411,,289882.33480000007,0.1526371663827134,,81911.79519999993,0.029603911155697604,,1111624.63,0.16976547565792183,,379865,0.15653715975786137,,304376.4515400001,0.09494587209032523,,75488.5484599999,0.06159128766753613,,410214.33,0.22133992524130172,,304376.4515400001,0.14594276841138368,,105837.87845999992,0.07539715682991804,,382147.95,0.11554554574051966,,304376.4515400001,0.11407848915317897,,77771.49845999992,0.0014670565873406843,,1172227.28,0.1544978929663876,,361895.32,0.44596056841816745,,304376.4515400001,0.09319398600356918,,57518.86845999991,0.35276658241459824,,344304.42000000004,0.14358997854573063,,304376.4515400001,0.1484636343737641,,39927.968459999945,-0.004873655828033452,,362019.99,0.237732450014735,,304376.4515400001,0.15047653674600153,,57643.538459999894,0.08725591326873347,,1068219.73,0.22573756850806326,,374401.75,0.06457244121868284,,304376.4515400001,0.14830780456826323,,70025.2984599999,-0.08373536334958039,,,,,,,,,,,,,,,,,0,,,374401.75,0.06457244121868284,,3726473.3899999997,0.151079570527593,,2983395.815580001,0.12638903110416838,,743077.5744199986,0.024690539423424612,,2839798.691978851,0.06292749819029841,,2849224.45,0.06355249714620355
MANTENIMIENTO INSTALACIONES,28116.24,0.008136582713395905,,2443.287677161812,0.0011003463847166874,,25672.952322838188,0.007036236328679217,,1725,0.0016391963023380412,,0,0,,1725,,,1725,0,,2010.4355488281567,0.0010585922235652042,,-285.4355488281567,-0.0010585922235652042,,31566.24,0.004820743984713724,,1725,0,,2010.4355488281567,0,,-285.4355488281567,,,1725,0,,3765.6236690780943,0.0018055455350772008,,-2040.6236690780943,-0.0018055455350772008,,1725,0,,2010.4355488281567,0,,-285.4355488281567,,,5175,0,,0,0,,2010.4355488281567,0,,-2010.4355488281567,,,0,0,,2010.4355488281567,0,,-2010.4355488281567,,,0,0,,2010.4355488281567,0.000993911904840481,,-2010.4355488281567,,,0,0,,746,0,,13997.59666018248,0.0068203463815955,,-13251.59666018248,-0.0068203463815955,,,,,,,,,,,,,,,,,0,,,746,0,,37487.240000000005,0.0015198166005057146,,32269.121299391325,0.0013670539303951058,,5218.11870060868,,,18435.7175877042,0,,26515.940000000002,0
MANTENIMIENTO ACTIVO FIJO,0,0,,7630.600154631867,0.0034364775674394347,,-7630.600154631867,,,0,0,,0,0,,0,,,7344.9800000000005,0.003600264129232159,,932.1030042661515,0,,6412.876995733849,0.003600264129232159,,7344.9800000000005,0.0011217132022325945,,0,0,,0,0,,0,,,810,0,,5920.013964306963,0.0028385350529374536,,-5110.013964306963,-0.0028385350529374536,,8860,0.0026788931754337664,,9369.144216042194,0.003511499695251157,,-509.1442160421939,,,9670,0.001274492285305771,,5438.79,0.006702175313864365,,0,0,,5438.79,,,5854.66,0.0024416488867396685,,3194.4229781774375,0.0015581219988201373,,2660.2370218225624,,,0,0,,0,0,,0,,,11293.45,0.0023865463925361002,,647.58,0,,0,0,,647.58,,,,,,,,,,,,,,,,,,0,,,647.58,0,,28956.010000000002,0.0011739414446731602,,27046.28431742461,0.00114579287535221,,1909.7256825753902,,,36140.759999999995,0,,30056.94,0
ARRENDAMIENTO,746834.93,0.2161271984162264,,746834.9300000002,0.33634071128301957,,0,-0.12021351286679316,,746834.93,0.7096864091089218,,746834.9300000002,0.34990122617339214,,0,0.35978518293552963,,746834.93,0.36607356438500993,,746834.9300000002,0.39324496109596024,,0,-0.027171396710950313,,2240504.79,0.34216618732908277,,746834.93,0.30776043791915875,,746834.9300000002,0.23296445364811152,,0,0.07479598427104722,,746834.93,0.40297077767564293,,746834.9300000002,0.3580932647025034,,0,0.04487751297313952,,746834.93,0.22581162496078494,,746834.9300000002,0.2799093032005592,,0,-0.05409767823977424,,2240504.79,0.2952953536758663,,746834.93,0.9203184221817025,,746834.9300000002,0.22866592885635872,,0,0.6916524933253437,,746834.93,0.3114627792925291,,746834.9300000002,0.364278601133848,,0,-0.052815821841318944,,746834.93,0.4904339610237632,,746834.9300000002,0.3692175699491449,,0,0.12121639107461829,,2240504.79,0.47346635651942964,,746834.93,0.1288053664746068,,746834.9300000002,0.3638962484870046,,0,-0.23509088201239778,,,,,,,,,,,,,,,,,0,,,746834.93,0.1288053664746068,,7468349.299999999,0.30278359368455054,,7468349.300000001,0.3163902781672929,,0,-0.013606684482742382,,-1249538.4095540103,-0.02768869716998374,,6247695.099999999,0.13935603599537402
ENERGIA ELECTRICA,8505.35,0.002461370502648358,,117910.28272946882,0.05310146428316023,,-109404.93272946881,-0.050640093780511874,,552.57,0,,72599.3393260025,0.03401367133369946,,-72046.7693260025,-0.03401367133369946,,551.77,0,,81394.85067351148,0.042858352764132905,,-80843.08067351147,-0.042858352764132905,,9609.69,0.0014675759692146936,,551.77,0,,61459.61927215322,0.01917144746451283,,-60907.849272153224,-0.01917144746451283,,551.77,0,,96125.74767393277,0.04609048321632151,,-95573.97767393276,-0.04609048321632151,,551.77,0,,112121.39302444333,0.042022433250876415,,-111569.62302444332,-0.042022433250876415,,1655.31,0,,551.77,0,,86670.49800509682,0.02653677423842327,,-86118.72800509681,-0.02653677423842327,,38262.73,0.015957229302490755,,59346.81540299702,0.028947193052087764,,-21084.085402997014,-0.01298996374959701,,54586.08,0.03584576237102356,,56391.53826009102,0.027878646118071948,,-1805.4582600910217,0.007967116252951614,,93400.58,0.019737530804119153,,551.77,0,,597.4522156832537,0,,-45.68221568325373,,,,,,,,,,,,,,,,,,0,,,551.77,0,,105217.35000000002,0.004265746829887182,,744617.5365833803,0.03154508982699297,,-639400.1865833803,-0.027279342997105792,,734980.71,0.01628654081328582,,734980.71,0.01639388552726678
TRANSPORTE DE PERSONAL,0,0,,9276.724599462437,0.004177817647281013,,-9276.724599462437,,,5858.53,0.005567119253992165,,4670.498759082705,0.0021881853365433037,,1188.0312409172948,0.003378933917448861,,7053.42,0.0034573511451915042,,610.5927276782435,0,,6442.827272321757,0.0034573511451915042,,12911.95,0.0019718916568278125,,6792.01,0.002798894224124339,,305.29636383912174,0,,6486.713636160878,0.002798894224124339,,23464.38,0.012660708647193031,,305.29636383912174,0,,23159.083636160878,0.012660708647193031,,50820.46,0.015365980075214976,,278.5159810462163,0,,50541.944018953785,0.015365980075214976,,81076.84999999999,0.010685813840940353,,86697.54,0.10683665160095689,,0,0,,86697.54,,,65007.15,0.027110820342704553,,0,0,,65007.15,,,88763.43,0.05828945436303511,,0,0,,88763.43,,,240468.12,0.05081603268318698,,65589.33,0.011312081623544204,,4009.5589117537993,0.001953662566472144,,61579.771088246205,0.00935841905707206,,,,,,,,,,,,,,,,,0,,,65589.33,0.011312081623544204,,400046.24999999994,0.016218770219414903,,19456.483706701645,0,,380589.7662932983,0.016218770219414903,,14840.001850901219,0,,18163,0
DEPRECIACIONES Y AMORT.,2098.77,0,,136.7167880977313,0,,1962.0532119022687,,,3798,0.0036090826413216703,,136.7167880977313,0,,3661.2832119022687,0.0036090826413216703,,3798,0.0018616528789491243,,136.7167880977313,0,,3661.2832119022687,0.0018616528789491243,,9694.77,0.0014805692461529493,,3798,0.0015651037414880485,,1081.9342312222288,0,,2716.065768777771,0.0015651037414880485,,3798,0.002049292222596085,,1874.2050524546923,0,,1923.7949475453077,0.002049292222596085,,3798,0.001148356239311224,,2087.174294506683,0,,1710.825705493317,0.001148356239311224,,11394,0.0015017130402041321,,3798,0.004680243554551078,,2087.174294506683,0,,1710.825705493317,0.004680243554551078,,3798,0.001583931854597408,,2648.7315919493726,0.0012919538178193506,,1149.2684080506274,,,3798,0.002494082840994398,,2648.7315919493726,0.001309470409782624,,1149.2684080506274,0.0011846124312117742,,11394,0.00240779474797837,,3798,0,,2648.7315919493726,0.001290597762425745,,1149.2684080506274,-0.001290597762425745,,,,,,,,,,,,,,,,,0,,,3798,0,,36280.770000000004,0.0014709036068040677,,15486.833012831597,0,,20793.936987168407,0.0014709036068040677,,12271.272050653422,0,,12271.27,0
COMBUSTIBLE,0,0,,0,0,,0,,,2942,0.0027956611718716043,,0,0,,2942,,,0,0,,1107.004908872123,0,,-1107.004908872123,,,2942,0,,951.88,0,,0,0,,951.88,,,276.91,0,,488.05964391619125,0,,-211.14964391619122,,,0,0,,0,0,,0,,,1228.79,0,,432.67,0,,461.180965955847,0,,-28.510965955846984,,,432.67,0,,276.6872557512469,0,,155.98274424875314,,,432.78,0,,0,0,,432.78,,,1298.1200000000001,0,,415.19,0,,922.2872985337794,0,,-507.09729853377945,,,,,,,,,,,,,,,,,,0,,,415.19,0,,5884.099999999999,0,,3255.220073029188,0,,2628.8799269708115,,,2620.63,0,,3053.13,0
DIVERSOS,907.72,0,,1939.9677901767836,0,,-1032.2477901767836,,,2714.73,0.00257969587121516,,5971.785832809269,0.0027978541193096774,,-3257.055832809269,,,2714.73,0.0013306700684753965,,705.4195976269456,0,,2009.3104023730543,0.0013306700684753965,,6337.18,0,,4354.73,0.0017945245434887436,,1932.2362891520681,0,,2422.4937108479317,0.0017945245434887436,,4844.41,0.002613905143777436,,3565.4360097448875,0.0017095593276782238,,1278.9739902551123,0.0009043458160992121,,3907.05,0.0011813283951555866,,1571.8588860165635,0,,2335.1911139834365,0.0011813283951555866,,13106.189999999999,0.0017273772538522899,,4492.73,0.0055363535083829025,,4030.604005281497,0.0012340903882466412,,462.1259947185026,0.004302263120136261,,4012.73,0.0016734836416268186,,1295.8251304234109,0,,2716.904869576589,0.0016734836416268186,,3712.73,0.002438087463466333,,1196.1462742369947,0,,2516.5837257630055,0.002438087463466333,,12218.189999999999,0.002581963639793035,,4566.86,0,,1162.9199888415224,0,,3403.9400111584773,,,,,,,,,,,,,,,,,,0,,,4566.86,0,,36228.42,0.0014687812206525003,,23372.199804309945,0.0009901434039068274,,12856.220195690054,,,37027.05,0,,18289.05,0
SEGUROS,43148.43,0.012486761019545049,,43148.43,0.019432103472912785,,0,-0.006945342453367736,,36501.38,0.03468575485578883,,37366.98,0.01750688350958172,,-865.6000000000058,0.017178871346207106,,36501.38,0.017891758599951547,,37366.98,0.0196755347214056,,-865.6000000000058,-0.0017837761214540525,,116151.19,0.017738417705429627,,36501.38,0.015041718380062406,,37366.98,0.011656093911113543,,-865.6000000000058,0.0033856244689488627,,36501.38,0.019695101144819455,,37366.98,0.017916762222507654,,-865.6000000000058,0.0017783389223118007,,36501.38,0.011036489590961011,,37366.98,0.014004922526198968,,-865.6000000000058,-0.0029684329352379565,,109504.13999999998,0.014432490345299183,,36501.38,0.0449803445174354,,37366.98,0.011441022436185434,,-865.6000000000058,0.03353932208124996,,36501.38,0.01522266943622031,,37366.98,0.01822623802959574,,-865.6000000000058,-0.003003568593375432,,36501.38,0.02396984347830861,,37366.98,0.018473353344544686,,-865.6000000000058,0.005496490133763923,,109504.13999999998,0.023140555834113403,,36501.38,0.006295331724413162,,37366.98,0.01820710747860833,,-865.6000000000058,-0.011911775754195168,,,,,,,,,,,,,,,,,0,,,36501.38,0.006295331724413162,,371660.85000000003,0.01506796258108264,,379451.25,0.01607513008777281,,-7790.399999999965,-0.0010071675066901705,,269554.52633746713,0.005973096619911407,,269554.50000000006,0.006012464757557561
TELEFONO,5406.85,0.001564692940589661,,6211.492921302068,0.0027973757832673654,,-804.6429213020674,-0.0012326828426777044,,5406.85,0.005137906392635617,,2470.466114686353,0.0011574433492934923,,2936.383885313647,0.003980463043342125,,5406.85,0.002650257469338092,,10208.573453706676,0.005375311075297634,,-4801.723453706676,-0.0027250536059595424,,16220.550000000001,0.0024771755787590857,,5406.85,0.0022280887742666287,,5267.88364727873,0.0016432408106167584,,138.9663527212706,,,5407.55,0.0029177593887044395,,6252.57259121389,0.0029979906429619895,,-845.0225912138894,,,5410.01,0.0016357605945856017,,10046.161099943174,0.00376524160877914,,-4636.151099943174,-0.002129481014193538,,16224.410000000002,0.002138354227366888,,5406.85,0.006662815919674697,,2591.578414042799,0,,2815.2715859572013,0.006662815919674697,,5406.85,0.0022548925613559757,,6295.029664220931,0.003070483862047638,,-888.179664220931,,,5406.85,0.00355058762739088,,5202.021740877722,0.0025717568218046423,,204.82825912227872,0.0009788308055862379,,16220.550000000001,0.003427747507400435,,5406.85,0,,2624.4267230575897,0.0012787551848300663,,2782.4232769424107,-0.0012787551848300663,,,,,,,,,,,,,,,,,0,,,5406.85,0,,54072.35999999999,0.002192214480354413,,57170.206370329935,0.002421967260742642,,-3097.846370329942,,,54908.11397549356,0.0012167166118447182,,51882.24000000001,0.001157243301607442
DERECHOS Y CONTRIB,8271.57,0.002393716708729338,,157380.3522383682,0.07087700037520328,,-149108.7822383682,-0.06848328366647394,,12120.93,0.011518019499651151,,58567.22729974326,0.02743945659552363,,-46446.29729974326,-0.01592143709587248,,16569.08,0.008121610185239167,,70372.4774571938,0.03705453648221905,,-53803.3974571938,-0.028932926296979883,,36961.58,0.005644711389462764,,72494.35,0.029873927967810455,,54455.09741867948,0.016986487252942693,,18039.25258132053,0.012887440714867762,,45626.47,0.02461873884031427,,77185.38171306888,0.03700893492614457,,-31558.911713068883,-0.0123901960858303,,31020.59,0.009379328086786562,,76916.59218833367,0.028827882654066602,,-45896.002188333674,-0.019448554567280042,,149141.41,0.019656626314852637,,64613.94,0.0796232164874013,,52694.84326615697,0.016134107816028396,,11919.096733843035,0.0634891086713729,,60225.08,0.025116488324822873,,64865.80846282146,0.031639154810625576,,-4640.728462821455,-0.0065226664858027035,,63790,0.04188982212402124,,61549.788919082835,0.030428763549646194,,2240.2110809171645,0.011461058574375044,,188629.02000000002,0.039861327336519835,,68278.84,0.011775936897677029,,58934.98212709993,0.02871614333933246,,9343.857872900066,-0.016940206441655434,,,,,,,,,,,,,,,,,0,,,68278.84,0.011775936897677029,,443010.85,0.017960651251843214,,732922.5510905484,0.031049641694533562,,-289911.7010905484,-0.013088990442690348,,602489.0190502162,0.013350638819239057,,618018.49,0.01378502080523211
GASTOS DE VIAJE,0,0,,0,0,,0,,,0,0,,4694.880578666368,0.0021996085148467902,,-4694.880578666368,,,0,0,,5239.584729036976,0.0027588965247369083,,-5239.584729036976,,,0,0,,0,0,,0,0,,0,,,367.24,0,,0,0,,367.24,,,2963,0,,16.740408500408726,0,,2946.2595914995914,,,3330.24,0,,6703.68,0.008260888655021847,,14586.784077472386,0.004466181743939542,,-7883.104077472386,0.0037947069110823043,,0,0,,0,0,,0,,,7554.41,0.0049608542271818035,,2726.9931242890866,0.0013481610650134467,,4827.416875710913,0.003612693162168357,,14258.09,0.0030130379338426296,,5113.66,0,,55.93083118466024,0,,5057.72916881534,,,,,,,,,,,,,,,,,,0,,,5113.66,0,,22701.99,0,,27320.913749149888,0.0011574273180926541,,-4618.923749149886,-0.0011574273180926541,,48120.655555115016,0.0010663123671102194,,35170.33,0
ARRENDAM MAQ Y EQUIPO,0,0,,0,0,,0,,,0,0,,0,0,,0,,,0,0,,0,0,,0,,,0,0,,0,0,,0,0,,0,,,0,0,,0,0,,0,,,0,0,,0,0,,0,,,0,0,,0,0,,0,0,,0,,,0,0,,0,0,,0,,,0,0,,0,0,,0,,,0,0,,0,0,,0,0,,0,,,,,,,,,,,,,,,,,,0,,,0,0,,0,0,,0,0,,0,,,0,0,,0,0
PAPELERIA,1046.09,0,,3063.932489652469,0.0013798567682056116,,-2017.842489652469,-0.0013798567682056116,,0,0,,1125.7119540106423,0,,-1125.7119540106423,,,1787.86,0,,2373.274049554439,0.0012496443642333215,,-585.4140495544391,-0.0012496443642333215,,2833.95,0,,2084.83,0,,733.1480027820252,0,,1351.6819972179746,,,2672.56,0.0014420369727281184,,0,0,,2672.56,,,1970.32,0,,1745.9216088468083,0,,224.3983911531916,,,6727.71,0,,3411.12,0.004203494574460315,,0,0,,3411.12,,,3533.11,0.001473461157134452,,2339.5850221108317,0.0011411634952428328,,1193.5249778891684,,,1354.25,0,,0,0,,1354.25,,,8298.48,0.0017536454765844781,,2771.04,0,,1473.6168047905674,0,,1297.4231952094326,,,,,,,,,,,,,,,,,,0,,,2771.04,0,,20631.18,0,,12855.189931747782,0,,7775.990068252218,,,11052.720000000001,0,,11554.36,0
MENSAJERIA Y PAQUETERIA,0,0,,0,0,,0,,,0,0,,0,0,,0,,,0,0,,0,0,,0,,,0,0,,0,0,,0,0,,0,,,0,0,,0,0,,0,,,0,0,,34169.43132656204,0.012806500244140075,,-34169.43132656204,,,0,0,,0,0,,2661.2973955060347,0,,-2661.2973955060347,,,0,0,,0,0,,0,,,298.1,0,,0,0,,298.1,,,298.1,0,,0,0,,0,0,,0,,,,,,,,,,,,,,,,,,0,,,0,0,,298.1,0,,36830.728722068074,0.0015603025564804825,,-36532.628722068075,-0.0015603025564804825,,74565.38,0.001652304731410116,,74565.38,0.0016631950844222128
EQUIPOS MENORES,2375.7,0,,0,0,,2375.7,,,1189,0.0011298576252057571,,0,0,,1189,,,0,0,,0,0,,0,,,3564.7,0,,0,0,,0,0,,0,,,289,0,,0,0,,289,,,0,0,,0,0,,0,,,289,0,,0,0,,0,0,,0,,,0,0,,0,0,,0,,,1550,0.0010178589793421056,,0,0,,1550,,,1550,0,,4250,0,,0,0,,4250,,,,,,,,,,,,,,,,,,0,,,4250,0,,9653.7,0,,0,0,,9653.7,,,903.41,0,,0,0
HONORARIOS,27348.17,0.007914310279931188,,55225.99277677352,0.024871292096435425,,-27877.822776773522,-0.016956981816504235,,53684.53,0.05101419308333661,,52490.13272499911,0.02459226405288955,,1194.3972750008907,0.02642192903044706,,55934.89,0.027417416798894836,,45642.20055907979,0.024032841344457927,,10292.689440920207,0.003384575454436909,,136967.59,0.020917463897924985,,38484.53,0.015858947312377317,,51023.474264201934,0.015916041587915927,,-12538.944264201935,,,38484.53,0.02076515219043331,,55420.74363467317,0.026573201417320686,,-16936.21363467317,-0.005808049226887376,,38484.53,0.01163611114862032,,34725.902471546295,0.013015062329531235,,3758.627528453704,-0.0013789511809109145,,115453.59,0.01521661941735838,,50494.53,0.062223985932750414,,55328.493228299645,0.016940478796662457,,-4833.963228299646,0.04528350713608796,,105384.53,0.043949951039698835,,34725.902471546295,0.016938017582339537,,70658.62752845371,0.027011933457359298,,34469.62,0.02263562079452273,,41029.680240403664,0.020284105932421085,,-6560.060240403662,0.002351514862101646,,190348.68,0.04022472810151092,,112499.22,0.01940255159223393,,141957.53908909034,0.06916898747487249,,-29458.319089090335,-0.04976643588263856,,,,,,,,,,,,,,,,,0,,,112499.22,0.01940255159223393,,555269.08,0.022511851113379795,,567570.0614606139,0.02404462384009692,,-12300.981460613897,-0.0015327727267171257,,473108.7648342273,0.010483683588914714,,553724.45,0.01235092992705721
NO DEDUCIBLES,0,0,,0,0,,0,,,0,0,,0,0,,0,,,0,0,,0,0,,0,,,0,0,,0,0,,0,0,,0,,,49.4,0,,0,0,,49.4,,,0,0,,0,0,,0,,,49.4,0,,0,0,,0,0,,0,,,0,0,,0,0,,0,,,4847.44,0.0031832324714981264,,0,0,,4847.44,,,4847.44,0.0010243672611146455,,0,0,,0,0,,0,,,,,,,,,,,,,,,,,,0,,,0,0,,4896.839999999999,0,,0,0,,4896.839999999999,,,18387.97,0,,18387.97,0
COMEDOR,24960,0.0072231957234097375,,32763.03770157948,0.014754991982420569,,-7803.03770157948,-0.007531796259010831,,15360,0.014595974031253515,,27310.645097453325,0.012795368592608889,,-11950.645097453325,0.001800605438644626,,17340,0.008499489447334864,,20057.015650892637,0.010560995505842689,,-2717.0156508926375,-0.0020615060585078247,,57660,0.008805739871413046,,16860,0.006947774902972222,,20349.10811182797,0.00634761265584934,,-3489.108111827969,,,33630,0.018145786583966917,,26350.28049104474,0.012634462567069397,,7279.719508955259,0.00551132401689752,,23445,0.00708878673792829,,18327.474230687687,0.0068690286638548,,5117.525769312313,,,73935,0.009744528140029182,,24640,0.030363665398667344,,20339.37169646346,0.006227509098063408,,4300.628303536541,0.024136156300603936,,21695,0.009047762397443593,,23978.578221116815,0.011695868230971716,,-2283.5782211168153,-0.002648105833528123,,16040,0.010533198728159596,,17767.187782893554,0.008783678473675692,,-1727.187782893554,0.0017495202544839036,,62375,0.013181165297977079,,24490,0.004223749182383743,,21048.359760733758,0.010255839471428899,,3441.640239266242,-0.006032090289045155,,,,,,,,,,,,,,,,,0,,,24490,0.004223749182383743,,218460,0.00885685728121031,,228291.05874469344,0.009671356906048752,,-9831.058744693437,,,250038.52270639568,0.005540638753568657,,257918.5,0.00575292154860004
CAPACITACION Y ADIESTRAMIENTO,2229.16,0,,2667.7468965968283,0.001201432676327077,,-438.5868965968284,-0.001201432676327077,,437.5,0,,2667.7468965968283,0.0012498717892580247,,-2230.2468965968283,-0.0012498717892580247,,437.5,0,,2667.7468965968283,0.001404698658867078,,-2230.2468965968283,-0.001404698658867078,,3104.16,0,,437.5,0,,2667.7468965968283,0,,-2230.2468965968283,,,437.5,0,,2667.7468965968283,0.0012791343270491242,,-2230.2468965968283,-0.0012791343270491242,,437.5,0,,2667.7468965968283,0.0009998557177044092,,-2230.2468965968283,-0.0009998557177044092,,1312.5,0,,437.5,0,,2667.7468965968283,0,,-2230.2468965968283,,,437.5,0,,2667.7468965968283,0.0013012287838109777,,-2230.2468965968283,-0.0013012287838109777,,437.5,0,,2667.7468965968283,0.0013188711277883768,,-2230.2468965968283,-0.0013188711277883768,,1312.5,0,,437.5,0,,2667.7468965968283,0.0012998629932647024,,-2230.2468965968283,-0.0012998629932647024,,,,,,,,,,,,,,,,,0,,,437.5,0,,6166.66,0,,26677.468965968288,0.001130168326077361,,-20510.80896596829,-0.001130168326077361,,1083.3420355673989,0,,20833.300000000003,0
EQUIPO DE TRABAJO,0,0,,0,0,,0,,,9408.33,0.008940347679522356,,0,0,,9408.33,,,9408.33,0.00461164945513518,,0,0,,9408.33,,,18816.66,0.0028736492058415363,,4408.33,0.0018166123688030565,,0,0,,4408.33,,,4408.33,0.0023786088424531332,,0,0,,4408.33,,,4408.33,0.0013328944866884801,,0,0,,4408.33,,,13224.99,0.0017430349253615275,,4408.33,0.005432348096059546,,0,0,,4408.33,,,4408.33,0.0018384661170556588,,0,0,,4408.33,,,4408.33,0.0028948763060665707,,0,0,,4408.33,,,13224.99,0.0027947219118892807,,4408.33,0,,0,0,,4408.33,,,,,,,,,,,,,,,,,,0,,,4408.33,0,,49674.97000000001,0.0020139344490451515,,0,0,,49674.97000000001,,,29950.09,0,,0,0
DONATIVOS,0,0,,0,0,,0,,,0,0,,0,0,,0,,,0,0,,0,0,,0,,,0,0,,0,0,,0,0,,0,,,0,0,,0,0,,0,,,0,0,,0,0,,0,,,0,0,,0,0,,0,0,,0,,,0,0,,0,0,,0,,,0,0,,0,0,,0,,,0,0,,0,0,,0,0,,0,,,,,,,,,,,,,,,,,,0,,,0,0,,0,0,,0,0,,0,,,0,0,,0,0
RECLUTAMIENTO,0,0,,0,0,,0,,,0,0,,0,0,,0,,,0,0,,0,0,,0,,,0,0,,0,0,,0,0,,0,,,0,0,,0,0,,0,,,0,0,,0,0,,0,,,0,0,,0,0,,0,0,,0,,,0,0,,0,0,,0,,,0,0,,0,0,,0,,,0,0,,0,0,,0,0,,0,,,,,,,,,,,,,,,,,,0,,,0,0,,0,0,,0,0,,0,,,0,0,,0,0
ARTICULOS DE LIMPIEZA,3082.1,0,,3914.1633009402117,0.0017627623131072918,,-832.0633009402118,-0.0017627623131072918,,2473.33,0.0023503034147604332,,0,0,,2473.33,,,5292.03,0.0025939765363309987,,5134.692922819907,0.0027036658805902614,,157.33707718009282,,,10847.46,0.0016566061572243869,,2784.7,0.0011475367006113133,,5494.187793338411,0.001713833145853537,,-2709.4877933384114,,,3849.92,0.0020773067703046657,,3292.890522754993,0.0015788789064824114,,557.029477245007,,,4975.68,0.0015044373809415669,,4106.086963047857,0.0015389370455766251,,869.5930369521429,,,11610.3,0.001530221073431809,,3663.02,0.004513908832330619,,3583.1235046962415,0.001097080802592371,,79.89649530375846,0.0034168280297382477,,0,0,,6242.181087336817,0.0030447062706603955,,-6242.181087336817,,,7466.82,0.004903335344600788,,0,0,,7466.82,,,11129.84,0.0023519721167140233,,3491.96,0,,5723.967454413448,0.0027890102611065107,,-2232.0074544134477,-0.0027890102611065107,,,,,,,,,,,,,,,,,0,,,3491.96,0,,37079.560000000005,0.001503288340978095,,37491.29354934789,0.0015882868246306868,,-411.7335493478822,,,33811.4344612062,0,,34177.53,0
ADMON PLANTA,,0,,69615.91067333794,0.03135186099622527,,-69615.91067333794,,,,0,,62217.54480829425,0.02914967463816954,,-62217.54480829425,,,60279.670199999986,0.02954708308845016,,74147.3877235529,0.03904221057351406,,-13867.717523552921,-0.009495127485063905,,60279.670199999986,0.009205811573287698,,60342.17747999999,0.024866184239990482,,64414.33501504927,0.020093128696976412,,-4072.1575350492785,0.0047730555430140695,,61484.24027999998,0.033175138340714304,,67111.18625592794,0.032178548189280606,,-5626.945975927956,0.0009965901514336975,,60468.56255999999,0.018283162479714867,,66067.12167901135,0.024761565442096584,,-5598.559119011363,-0.006478402962381717,,182294.98031999997,0.024026219862234473,,51427.045079999996,0.06337311644688724,,60661.000295183,0.01857318588172338,,-9233.955215183007,0.04479993056516386,,59349.43451999998,0.024751305921161402,,68802.57678620222,0.033559365556297564,,-9453.142266202238,-0.008808059635136162,,58829.984280000004,0.0386326630670664,,60837.04068276984,0.03007639763687746,,-2007.0564027698347,0.008556265430188937,,169606.46388,0.03584145628869994,,55572.686279999994,0.009584527898653257,,63951.59990828425,0.0311604965924217,,-8378.91362828426,-0.021575968693768446,,,,,,,,,,,,,,,,,0,,,55572.686279999994,0.009584527898653257,,467753.80068,0.018963785843479145,,657825.703827613,0.02786822751041033,,-190071.90314761305,-0.008904441666931186,,631667.6771621561,0.013997212803768559,,630277.098,0.014058451404894565
GASTOS DE ADMON PLANTA,1250237.7500000002,0.3618073705547041,,1541602.7287375508,0.6942682210906118,,-291364.9787375502,-0.33246085053590774,,1294931.4400000002,1.2305199004227685,,1360563.7661804429,0.6374406323946649,,-65632.32618044241,0.5930792680281036,,1350774.5502000002,0.6621046156374509,,1396824.321491315,0.7354960298425558,,-46049.771291314886,-0.07339141420510487,,3895943.740200001,0.5949820868862506,,1384677.9674800003,0.5706068108633531,,1359772.8643949495,0.4241616583724826,,24905.103085050447,0.14644515249087048,,1425727.8502799997,0.769281989235766,,1438903.5460225532,0.6899271146667241,,-13175.695742553258,0.07935487456904189,,1408730.0625600002,0.4259410102280324,,1464806.0623639596,0.5490006262029692,,-56075.99980395935,-0.12305961597493681,,4219135.88032,0.5560761251421524,,1461849.1450800002,1.8014244441776397,,1398952.4931340863,0.42833129305886186,,62896.65194591355,1.3730931511187778,,1505448.50452,0.6278377677107051,,1367268.688060079,0.6669033611759925,,138179.81645992107,-0.039065593465287374,,1503102.62428,0.9870622599974719,,1342605.6726020195,0.6637525695779317,,160496.9516779808,0.32330969041954016,,4470400.27388,0.9446907408117722,,1520772.8762800002,0.2622851446622713,,1410355.0778021961,0.6871972657288761,,110417.79847780432,-0.42491212106660475,,,,,,,,,,,,,,,,,0,,,1520772.8762800002,0.2622851446622713,,14106252.770679995,0.571899055033371,,14081655.22078915,0.5965573694258505,,24597.549890849303,-0.024658314392479452,,4946218.050031944,0.1096039406847239,,12516313.738000002,0.2791787755138888
,,,,,,,,,,,,,,,,,,,,,,,,,,,,,,,,,,,,,,,,,,,,,,,,,,,,,,,,,,,,,,,,,,,,,,,,,,,,,,,,,,,,,,,,,,,,,,,,,,,,,,,,,,,,,,,,,,,,,,,,,,,,,,,,,,,,,,
GASTOS DE VENTA:,,,,,,,,,,,,,,,,,,,,,,,,,,,,,,,,,,,,,,,,,,,,,,,,,,,,,,,,,,,,,,,,,,,,,,,,,,,,,,,,,,,,,,,,,,,,,,,,,,,,,,,,,,,,,,,,,,,,,,,,,,,,,,,,,,,,,,
LABOR INDIRECTA,0,0,,22815,0.010274845243141064,,-22815,,,0,0,,22815,0.010689104318066564,,-22815,,,0,0,,23499.45,0.012373604835310074,,-23499.45,,,0,0,,27229.43,0.011220874874035522,,25908.143625,0.008081674118583243,,1321.2863749999997,0.003139200755452279,,51056.24,0.027548487505792297,,25908.143625,0.012422466277866247,,25148.096374999997,0.01512602122792605,,52596.310000000005,0.015902922789164647,,25908.143625,0.009710218601175708,,26688.166375000004,0.006192704187988939,,130881.98000000001,0.017250059337698475,,50720.39,0.06250231131696077,,25908.143625,0.00793255576162536,,24812.246375,0.05456975555533541,,52316,0.02181805658375935,,25908.143625,0.012637039241977902,,26407.856375,0.009181017341781447,,51158.079999999994,0.03359465231864631,,25908.143625,0.012808374979349089,,25249.936374999994,0.020786277339297225,,154194.46999999997,0.032584573901466414,,50675.18,0.008739863213235976,,25908.143625,0.012623775203444222,,24767.036375,-0.0038839119902082456,,,,,,,,,,,,,,,,,0,,,50675.18,0.008739863213235976,,335751.63,0.013612122442752587,,250486.455375,0.010611646042484308,,85265.17462500001,0.0030004764002682788,,113484.89865445843,0.0025147278132339585,,128139.68,0.0028581801084556304
MANTENIMIENTO INSTALACIONES,0,0,,0,0,,0,,,0,0,,0,0,,0,,,0,0,,0,0,,0,,,0,0,,0,0,,0,0,,0,,,0,0,,0,0,,0,,,0,0,,0,0,,0,,,0,0,,0,0,,0,0,,0,,,0,0,,0,0,,0,,,0,0,,0,0,,0,,,0,0,,0,0,,0,0,,0,,,,,,,,,,,,,,,,,,0,,,0,0,,0,0,,0,0,,0,,,0,0,,0,0
MANTENIMIENTO ACTIVO FIJO,0,0,,638.3160120423291,0,,-638.3160120423291,,,0,0,,0,0,,0,,,0,0,,0,0,,0,,,0,0,,0,0,,0,0,,0,,,0,0,,0,0,,0,,,0,0,,0,0,,0,,,0,0,,0,0,,0,0,,0,,,0,0,,0,0,,0,,,0,0,,0,0,,0,,,0,0,,0,0,,0,0,,0,,,,,,,,,,,,,,,,,,0,,,0,0,,0,0,,638.3160120423291,0,,-638.3160120423291,,,1465.52,0,,1465.52,0
FLETES,336.25,0,,52971.42901023342,0.023855938434721956,,-52635.17901023342,-0.023855938434721956,,2648.21,0.002516484660762101,,27504.573835125386,0.012886226559176832,,-24856.363835125387,-0.010369741898414732,,3000.71,0.0014708479226938987,,2053.6463588948686,0.0010813448194080487,,947.0636411051314,,,5985.17,0,,2101.96,0,,0,0,,2101.96,,,12565.95,0.00678022738402614,,32428.587157266564,0.015548895985402364,,-19862.637157266563,-0.008768668601376223,,15965.21,0.004827211299477078,,8625.136809565158,0.0032326501311004253,,7340.073190434841,0.0015945611683766529,,30633.12,0.004037401769890995,,2721.01,0.0033530778078907403,,10118.411899489653,0.003098055490720063,,-7397.401899489652,,,21709.97,0.009054005541167481,,914.6036295152105,0,,20795.36637048479,0.009054005541167481,,15977.84,0.010492379299671915,,8513.010468380318,0.00420863153533407,,7464.829531619682,0.006283747764337846,,40408.82,0.008539243862384003,,8686.09,0.001498075358742818,,6939.534681421295,0.0033812969042766507,,1746.5553185787048,-0.0018832215455338328,,,,,,,,,,,,,,,,,0,,,8686.09,0.001498075358742818,,85713.2,0.0034750049414805253,,150068.93384989188,0.006357542988118723,,-64355.73384989188,-0.0028825380466381977,,139049.73421818056,0.0030812225961970394,,135390.30000000002,0.0030199065764628134
HONORARIOS,0,0,,0,0,,0,,,0,0,,0,0,,0,,,0,0,,0,0,,0,,,0,0,,0,0,,0,0,,0,,,0,0,,0,0,,0,,,0,0,,0,0,,0,,,0,0,,0,0,,0,0,,0,,,0,0,,0,0,,0,,,0,0,,0,0,,0,,,0,0,,0,0,,0,0,,0,,,,,,,,,,,,,,,,,,0,,,0,0,,0,0,,0,0,,0,,,0,0,,0,0
GASTOS DE VIAJE,0,0,,0,0,,0,,,0,0,,0,0,,0,,,0,0,,14023.621575061432,0.007384119701939356,,-14023.621575061432,,,0,0,,0,0,,0,0,,0,,,4275.73,0.0023070616732282145,,0,0,,4275.73,,,0,0,,0,0,,0,,,4275.73,0,,6057.76,0.00746492685492821,,0,0,,6057.76,,,0,0,,0,0,,0,,,2530.06,0.0016614479285640565,,0,0,,2530.06,,,8587.82,0.0018147891778641045,,0,0,,0,0,,0,,,,,,,,,,,,,,,,,,0,,,0,0,,12863.55,0,,14023.621575061432,0,,-1160.0715750614327,,,17730.37,0,,17730.37,0
COMBUSTIBLE ,0,0,,0,0,,0,,,0,0,,0,0,,0,,,0,0,,0,0,,0,,,0,0,,0,0,,0,0,,0,,,0,0,,0,0,,0,,,0,0,,0,0,,0,,,0,0,,0,0,,0,0,,0,,,0,0,,0,0,,0,,,0,0,,0,0,,0,,,0,0,,0,0,,0,0,,0,,,,,,,,,,,,,,,,,,0,,,0,0,,0,0,,0,0,,0,,,0,0,,0,0
GASTOS EXPORTACION,0,0,,0,0,,0,,,0,0,,0,0,,0,,,0,0,,0,0,,0,,,0,0,,0,0,,0,0,,0,,,0,0,,0,0,,0,,,0,0,,0,0,,0,,,0,0,,0,0,,0,0,,0,,,0,0,,0,0,,0,,,0,0,,0,0,,0,,,0,0,,0,0,,0,0,,0,,,,,,,,,,,,,,,,,,0,,,0,0,,0,0,,0,0,,0,,,0,0,,0,0
TELEFONO,0,0,,0,0,,0,,,0,0,,0,0,,0,,,0,0,,0,0,,0,,,0,0,,0,0,,0,0,,0,,,0,0,,0,0,,0,,,0,0,,0,0,,0,,,0,0,,0,0,,0,0,,0,,,0,0,,0,0,,0,,,843.1,0,,0,0,,843.1,,,843.1,0,,843.1,0,,0,0,,843.1,,,,,,,,,,,,,,,,,,0,,,843.1,0,,1686.2,0,,0,0,,1686.2,,,0,0,,0,0
DEPRECIACIONES Y AMORT.,0,0,,0,0,,0,,,0,0,,0,0,,0,,,0,0,,0,0,,0,,,0,0,,0,0,,0,0,,0,,,0,0,,0,0,,0,,,0,0,,0,0,,0,,,0,0,,0,0,,0,0,,0,,,0,0,,0,0,,0,,,0,0,,0,0,,0,,,0,0,,0,0,,0,0,,0,,,,,,,,,,,,,,,,,,0,,,0,0,,0,0,,0,0,,0,,,0,0,,0,0
SERVICIOS CALIDAD,0,0,,14794.44,0.006662747379309046,,-14794.44,,,13396.36,0.01273000798654449,,14794.44,0.006931374643321355,,-1398.08,0.005798633343223135,,13396.36,0.006566448699694284,,14794.44,0.007789993141103505,,-1398.08,-0.0012235444414092208,,26792.72,0.00409173990231713,,13396.36,0.005520456334470993,,14794.44,0.004614913541376227,,-1398.08,0.0009055427930947666,,13396.36,0.007228292880225722,,14794.44,0.007093654978142632,,-1398.08,,,13396.36,0.004050498575581703,,14794.44,0.005544868384292738,,-1398.08,-0.0014943698087110345,,40189.08,0.005296863744936552,,13396.36,0.016508222102276433,,14794.44,0.004529761837076457,,-1398.08,0.011978460265199976,,13396.36,0.005586867124711568,,14794.44,0.007216183511607639,,-1398.08,-0.0016293163868960712,,13396.36,0.008797164720322201,,14794.44,0.0073140221033293484,,-1398.08,0.0014831426169928524,,40189.08,0.008492808122703402,,13396.36,0.0023104477173098528,,14794.44,0.0072086092899619455,,-1398.08,-0.004898161572652092,,,,,,,,,,,,,,,,,0,,,13396.36,0.0023104477173098528,,120567.24,0.004888065721273601,,147944.4,0.0062675389150977775,,-27377.15999999999,-0.0013794731938241763,,107861.92445526143,0.002390127537959693,,139579.88,0.0031133559609062855
DIVERSOS,0,0,,0,0,,0,,,0,0,,0,0,,0,,,0,0,,0,0,,0,,,0,0,,0,0,,0,0,,0,,,0,0,,0,0,,0,,,0,0,,0,0,,0,,,0,0,,0,0,,0,0,,0,,,0,0,,0,0,,0,,,0,0,,0,0,,0,,,0,0,,0,0,,0,0,,0,,,,,,,,,,,,,,,,,,0,,,0,0,,0,0,,0,0,,0,,,0,0,,0,0
EQUIPOS MENORES,0,0,,0,0,,0,,,0,0,,0,0,,0,,,0,0,,0,0,,0,,,0,0,,0,0,,0,0,,0,,,2533.62,0.00136706892075142,,0,0,,2533.62,,,0,0,,0,0,,0,,,2533.62,0,,0,0,,0,0,,0,,,0,0,,0,0,,0,,,0,0,,0,0,,0,,,0,0,,0,0,,0,0,,0,,,,,,,,,,,,,,,,,,0,,,0,0,,2533.62,0,,0,0,,2533.62,,,0,0,,0,0
ARRENDAM MAQ Y EQUIPO,0,0,,0,0,,0,,,0,0,,0,0,,0,,,0,0,,0,0,,0,,,0,0,,0,0,,0,0,,0,,,0,0,,0,0,,0,,,0,0,,0,0,,0,,,0,0,,0,0,,0,0,,0,,,0,0,,0,0,,0,,,0,0,,0,0,,0,,,0,0,,0,0,,0,0,,0,,,,,,,,,,,,,,,,,,0,,,0,0,,0,0,,0,0,,0,,,0,0,,0,0
GASTOS DE VENTA,336.25,0,,91219.18502227575,0.041080999750573506,,-90882.93502227575,-0.041080999750573506,,16044.57,0.015246492647306589,,65114.013835125385,0.03050670552056475,,-49069.44383512539,-0.01526021287325816,,16397.07,0.008037296622388182,,54371.1579339563,0.028629062497760985,,-37974.0879339563,-0.020591765875372803,,32777.89,0.0050057851695073,,42727.75,0.01760752011331384,,40702.583625,0.012696587659959468,,2025.1663749999998,0.004910932453354371,,83827.9,0.045231138364023794,,73131.17078226656,0.03506501724141124,,10696.729217733435,0.010166121122612552,,81957.88,0.024780632664223427,,49327.72043456516,0.018487737116568873,,32630.159565434842,0.006292895547654553,,208513.53,0.02748178752501277,,72895.52,0.08982853808205615,,50820.995524489656,0.01556037308942188,,22074.52447551035,0.07426816499263428,,87422.33,0.036458929249638394,,41617.187254515215,0.020299332753758864,,45805.14274548479,0.01615959649587953,,83905.44,0.055099293883645345,,49215.59409338032,0.024331028618012507,,34689.845906619674,0.030768265265632838,,244223.29000000004,0.051609580041776244,,73600.73000000001,0.0126937943307614,,47642.1183064213,0.023213681397682817,,25958.6116935787,-0.010519887066921417,,,,,,,,,,,,,,,,,0,,,73600.73000000001,0.0126937943307614,,559115.4400000001,0.022667791155365314,,563161.7268119956,0.023857868484970342,,-4046.2868119956174,-0.0011900773296050285,,379592.44732790045,0.008411442370808478,,422305.75,0.009419610649382272
,,,,,,,,,,,,,,,,,,,,,,,,,,,,,0,,,,,,,,,,,,,,,,,,,,,,,,,,,,,,0,,,,,,,,,,,,,,,,,,,,,,,,,,,,,,0,,,,,,,,,,,,,,,,,,,,,,,,,,,,,,0,,,,,,,,,,,,,,,
GASTOS DE ADMON CORPORATIVO,86539.96295229437,0.025043873810138215,,48513.74421185514,0.021848398594878023,,38026.21874043923,0.0031954752152601913,,27771.614589436118,0.02639021909852805,,45504.77781067431,0.02131954052109307,,-17733.163221238196,0.00507067857743498,,53627.4949449906,0.02628640872963964,,39447.61486413609,0.020771090303148537,,14179.880080854506,0.0055153184264911045,,167939.0724867211,0.025647377498516224,,59300.976506048566,0.02443711959018206,,65600.72353624248,0.020463205594228883,,-6299.747030193917,0.003973913995953177,,48727.17353730264,0.026291789825983167,,44487.43352247771,0.021330885405024685,,4239.740014824929,0.004960904420958482,,83564.87325638713,0.025266520166199,,58756.782878796876,0.02202169380844382,,24808.090377590255,0.003244826357755179,,191593.02329973836,0.025251688739806145,,16548.51546887807,0.02039259685639953,,64781.38875221816,0.019834766474608828,,-48232.873283340086,,,58784.89516532762,0.024515868357433277,,45643.90575911079,0.02226341788835997,,13140.989406216831,0.0022524504690733076,,33957.22252477578,0.022299137974426474,,46478.46021139435,0.022977854201636012,,-12521.237686618566,,,109290.63315898148,0.02309543729361298,,32941.69972754308,0.0056813996443667155,,46478.46021139435,0.022646687543630167,,-13536.76048385127,-0.01696528789926345,,,,,,,,,,,,,,,,,0,,,32941.69972754308,0.0056813996443667155,,501764.428672984,0.020342652813076307,,505693.2917583003,0.021423267019225072,,-3928.8630853163195,-0.0010806142061487653,,969897.835305715,0.02116411703577856,,879331.874909586,0.018567502800001977
,,,,,,,,,,,,,,,,,,,,,,,,,,,,,0,,,,,,,,,,,,,,,,,,,,,,,,,,,,,,0,,,,,,,,,,,,,,,,,,,,,,,,,,,,,,0,,,,,,,,,,,,,,,,,,,,,,,,,,,,,,0,,,,,,,,,,,,,,,
GASTOS MONTERREY IV,17211.02169958871,0.004980712273076176,,,,,17211.02169958871,,,5926.243361624401,0.0056314644667420765,,,,,5926.243361624401,,,10637.983763006372,0.005214384702110282,,,,,10637.983763006372,,,33775.24882421948,0.005158100160220709,,13107.703716749695,0.005401505036703988,,,,,13107.703716749695,,,9937.168110638971,0.005361811828268109,,,,,9937.168110638971,,,19675.24063773159,0.0059489692854894196,,,,,19675.24063773159,,,42720.112465120255,0.005630450234145882,,4107.955447238927,0.0050621990532709275,,,,,4107.955447238927,,,14312.51259844954,0.005968942765669023,,,,,14312.51259844954,,,8702.350439646243,0.005714687442822999,,,,,8702.350439646243,,,27122.818485334712,0.005731628918672948,,8702.350439646243,0.0015008797694680536,,,,,8702.350439646243,,,,,,,,,,,,,,,,,,,,,8702.350439646243,0.0015008797694680536,,112320.53021432068,0.004553725651643819,,,,,112320.53021432068,,,0,0,,0,
,,,,,,,,,,,,,,,,,,,,,,,,,,,,,0,,,,,,,,,,,,,,,,,,,,,,,,,,,,,,0,,,,,,,,,,,,,,,,,,,,,,,,,,,,,,0,,,,,,,,,,,,,,,,,,,,,,,,,,,,,,0,,,,,,,,,,,,,,,
GASTOS HACIENDA SAN JOSE,12526.060866345402,0.0036249274551665134,,,,,12526.060866345402,,,4365.510792272532,0.004148364723773883,,,,,4365.510792272532,,,7561.472239664389,0.0037063814018075546,,,,,7561.472239664389,,,24453.043898282325,0.0037344284362212654,,9717.767188867309,0.004004558658822017,,,,,9717.767188867309,,,7662.042077779938,0.004134218862348177,,,,,7662.042077779938,,,15016.903179778747,0.004540483007275272,,,,,15016.903179778747,,,32396.71244642599,0.004269840753075427,,3022.752190015336,0.00372491217860043,,,,,3022.752190015336,,,10498.649207806722,0.004378395184436259,,,,,10498.649207806722,,,6570.673391454803,0.004314850910849366,,,,,6570.673391454803,,,20092.074789276863,0.004245883109848117,,6382.929559743716,0.0011008531445153348,,,,,6382.929559743716,,,,,,,,,,,,,,,,,,,,,6382.929559743716,0.0011008531445153348,,83324.7606937289,0.0033781722670299342,,,,,83324.7606937289,,,0,0,,0,
,,,,,,,,,,,,,,,,,,,,,,,,,,,,,,,,,,,,,,,,,,,,,,,,,,,,,,,,,,,,,,,,,,,,,,,,,,,,,,,,,,,,,,,,,,,,,,,,,,,,,,,,,,,,,,,,,,,,,,,,,,,,,,,,,,,,,,
TOTAL DE GASTOS,1366851.0455182288,0.39555419176784445,,1681335.6579716816,0.7571976194360633,,-314484.61245345266,-0.3616434276682189,,1349039.3787433335,1.2819364413591192,,1471182.5578262426,0.6892668784363227,,-122143.17908290909,0.5926695629227965,,1438998.5711476614,0.7053490870933966,,1490643.0942894074,0.7848961826434653,,-51644.523141745914,-0.07954709555006867,,4154888.9954092237,0.6345277781507161,,1509532.164891666,0.622057514262375,,1466076.171556192,0.457321451626671,,43455.99333547353,0.164736062635704,,1575882.134005721,0.8503009481163891,,1556522.1503272976,0.7463230173131601,,19359.983678424014,0.10397793080322904,,1608944.9596338978,0.48647761535121953,,1572890.5656773215,0.5895100571279819,,36054.39395657608,-0.10303244177676235,,4694359.258531285,0.6187098923941927,,1558423.8881861323,1.9204326903479665,,1514554.877410794,0.4637264326228925,,43869.01077533809,1.456706257725074,,1676466.891491584,0.6991599032678821,,1454529.781073705,0.7094661118181114,,221937.11041787892,-0.010306208550229234,,1636238.310635877,1.074490230209216,,1438299.7269067941,0.7110614523975802,,197938.58372908298,0.36342877781163585,,4871129.090313594,1.0293732701756826,,1642400.5860069334,0.28326207155138283,,1504475.6563200117,0.733057634670189,,137924.9296869217,-0.4497955631188062,,,,,,,,,,,,,,,,,0,,,1642400.5860069334,0.28326207155138283,,15362777.930261029,0.6228413969204863,,15150510.239359446,0.6418385049300459,,212267.69090158693,-0.01899710800955956,,6295708.33266556,0.11801538305553239,,13817951.362909587,0.27237084340434436
,,,,,,,,,,,,,,,,,,,,,,,,,,,,,0,,,,,,,,,,,,,,,,,,,,,,,,,,,,,,0,,,,,,,,,,,,,,,,,,,,,,,,,,,,,,0,,,,,,,,,,,,,,,,,,,,,,,,,,,,,,0,,,,,,,,,,,,,,,
MARGEN DE OPERACIÓN,-1529376.3355182288,-0.44258752428683196,,-2080471.4929472795,-0.9369503669866291,,551095.1574290502,0.4943628426997972,,-1882440.9487433336,-1.7888059377100214,,-1946951.5079188824,-0.9121704041359603,,64510.5591755488,-0.8766355335740611,,-1353662.1511476606,-0.6635200212765947,,-1857676.0882869973,-0.9781569282884447,,504013.9371393365,0.31463690701185,,-4765479.435409223,-0.7277761406656594,,-1555076.064891665,-0.6408255311902201,,-1394966.4063082822,-0.43513977941963483,,-160109.65858338232,-0.2056857517705853,,-1832015.5740057207,-0.9885032299854729,,-1984691.937153826,-0.9516223554302008,,152676.3631481046,-0.036880874555272114,,-1931069.019633896,-0.5838744489829365,,-1679545.8002467519,-0.6294838066030116,,-251523.2193871432,0.04560935762007512,,-5318160.658531282,-0.7009260321938757,,-2513020.2681861357,-3.096773805327642,,-1501281.9737241182,-0.4596625347945803,,-1011738.2944620178,-2.6371112705330617,,-1172735.1414915838,-0.4890817660911843,,-1874951.2825781477,-0.9145322520087292,,702216.1410865644,0.4254504859175449,,-1921510.8206358808,-1.2618238985079029,,-1894825.5264336409,-0.936757037257802,,-26685.294202239806,-0.32506686125010087,,-5607266.230313601,-1.1849347182609762,,-1268880.0060069324,-0.21884160424315477,,-2030915.6292682022,-0.9895661662267495,,762035.6232612715,0.7707245619835947,,,,,,,,,,,,,,,,,0,,,-1268880.0060069324,-0.21884160424315477,,-16959786.33026103,-0.6875876913253844,,-18246277.64486613,-0.7729880630485312,,1286491.3146050982,0.08540037172314674,,-3111293.5224275114,-0.04745148788422402,,-10489900.482909607,-0.19250597557369714
,,,,,,,,,,,,,,,,,,,,,,,,,,,,,0,,,,,,,,,,,,,,,,,,,,,,,,,,,,,,0,,,,,,,,,,,,,,,,,,,,,,,,,,,,,,0,,,,,,,,,,,,,,,,,,,,,,,,,,,,,,0,,,,,,,,,,,,,,,
MANTENIMIENTO MAYORES FABRIC,0,0,,0,0,,0,,,0,0,,0,0,,0,,,0,0,,0,0,,0,,,0,0,,0,0,,0,0,,0,,,0,0,,0,0,,0,,,0,0,,,0,,0,,,0,0,,0,0,,,0,,0,,,0,0,,,0,,0,,,0,0,,,0,,0,,,0,0,,0,0,,,0,,0,,,,,,,,,,,,,,,,,,0,,,0,0,,0,0,,0,0,,0,,,146682.23,0.003250352142546405,,146682.23,0.003271775238161308
FLETES ACTIVOS FIJOS FABRIC,0,0,,0,0,,0,,,0,0,,0,0,,0,,,0,0,,0,0,,0,,,0,0,,0,0,,0,0,,0,,,0,0,,0,0,,0,,,0,0,,,0,,0,,,0,0,,0,0,,,0,,0,,,0,0,,,0,,0,,,0,0,,,0,,0,,,0,0,,0,0,,,0,,0,,,,,,,,,,,,,,,,,,0,,,0,0,,0,0,,0,0,,0,,,0,0,,0,0
GASTOS DE IMPORTACION ACTIVOS FIJOS,0,0,,0,0,,0,,,0,0,,0,0,,0,,,0,0,,0,0,,0,,,0,0,,0,0,,0,0,,0,,,0,0,,0,0,,0,,,0,0,,,0,,0,,,0,0,,0,0,,,0,,0,,,0,0,,,0,,0,,,0,0,,,0,,0,,,0,0,,0,0,,,0,,0,,,,,,,,,,,,,,,,,,0,,,0,0,,0,0,,0,0,,0,,,0,0,,0,0
MANTENIMIENTO MAYORES ADMON,0,0,,0,0,,0,,,0,0,,0,0,,0,,,0,0,,0,0,,0,,,0,0,,0,0,,0,0,,0,,,0,0,,0,0,,0,,,0,0,,,0,,0,,,0,0,,0,0,,,0,,0,,,0,0,,,0,,0,,,0,0,,,0,,0,,,0,0,,0,0,,,0,,0,,,,,,,,,,,,,,,,,,0,,,0,0,,0,0,,0,0,,0,,,130107.26,0.0028830650536322095,,130107.26,0.0029020673572593978
MANTENIMIENTO MAYORES VENTA,0,0,,0,0,,0,,,0,0,,0,0,,0,,,0,0,,0,0,,0,,,0,0,,0,0,,0,0,,0,,,0,0,,0,0,,0,,,0,0,,,0,,0,,,0,0,,0,0,,,0,,0,,,0,0,,,0,,0,,,0,0,,,0,,0,,,0,0,,0,0,,,0,,0,,,,,,,,,,,,,,,,,,0,,,0,0,,0,0,,0,0,,0,,,0,0,,0,0
MTTO MAYORES,0,0,,0,0,,0,,,0,0,,0,0,,0,,,0,0,,0,0,,0,,,0,0,,0,0,,0,0,,0,,,0,0,,0,0,,0,,,0,0,,0,0,,0,,,0,0,,0,0,,0,0,,0,,,0,0,,0,0,,0,,,0,0,,0,0,,0,,,0,0,,0,0,,0,0,,0,,,0,0,,0,0,,0,,0,0,0,,0,0,,0,,,0,0,,0,0,,0,0,,0,,,276789.49,0,,276789.49,0
,,,,,,,,,,,,,,,,,,,,,,,,,,,,,0,,,,,,,,,,,,,,,,,,,,,,,,,,,,,,0,,,,,,,,,,,,,,,,,,,,,,,,,,,,,,0,,,,,,,,,,,,,,,,,,,,,,,,,,,,,,0,,,,,,,,,,,,,,,
MARGEN,-1529376.3355182288,-0.44258752428683196,,-2080471.4929472795,-0.9369503669866291,,551095.1574290502,0.4943628426997972,,-1882440.9487433336,-1.7888059377100214,,-1946951.5079188824,-0.9121704041359603,,64510.5591755488,-0.8766355335740611,,-1353662.1511476606,-0.6635200212765947,,-1857676.0882869973,-0.9781569282884447,,504013.9371393365,0.31463690701185,,-4765479.435409223,-0.7277761406656594,,-1555076.064891665,-0.6408255311902201,,-1394966.4063082822,-0.43513977941963483,,-160109.65858338232,-0.2056857517705853,,-1832015.5740057207,-0.9885032299854729,,-1984691.937153826,-0.9516223554302008,,152676.3631481046,-0.036880874555272114,,-1931069.019633896,-0.5838744489829365,,-1679545.8002467519,-0.6294838066030116,,-251523.2193871432,0.04560935762007512,,-5318160.658531282,-0.7009260321938757,,-2513020.2681861357,-3.096773805327642,,-1501281.9737241182,-0.4596625347945803,,-1011738.2944620178,-2.6371112705330617,,-1172735.1414915838,-0.4890817660911843,,-1874951.2825781477,-0.9145322520087292,,702216.1410865644,0.4254504859175449,,-1921510.8206358808,-1.2618238985079029,,-1894825.5264336409,-0.936757037257802,,-26685.294202239806,-0.32506686125010087,,-5607266.230313601,-1.1849347182609762,,-1268880.0060069324,-0.21884160424315477,,-2030915.6292682022,-0.9895661662267495,,762035.6232612715,0.7707245619835947,,0,,,0,,,0,,,0,,,0,,,0,,,-1268880.0060069324,-0.21884160424315477,,-16959786.33026103,-0.6875876913253844,,-18246277.64486613,-0.7729880630485312,,1286491.3146050982,0.08540037172314674,,-3388083.0124275116,-0.05358490508040264,,-10766689.972909607,-0.19897145563777868
,,,,,,,,,,,,,,,,,,,,,,,,,,,,,,,,,,,,,,,,,,,,,,,,,,,,,,,,,,,,,,,,,,,,,,,,,,,,,,,,,,,,,,,,,,,,,,,,,,,,,,,,,,,,,,,,,,,,,,,,,,,,,,,,,,,,,,
OTROS INGRESOS 16%,58054.42,0.8154971716834304,,181543.75918930594,0.0817591071894888,,-123489.33918930595,-0.6802180352591279,,51666.18,0.05933686137555885,,93160.24215707388,0.04364670377879926,,-41494.06215707388,-0.4454052629780883,,47818.68,0.5638935435826743,,64697.89288432268,0.03406659135544995,,-16879.212884322682,-0.2608927761295419,,157539.28,0.024059138383796457,,-21120,-0.01597563413226002,,62522.392793946536,0.01950296443420821,,-83642.39279394654,-1.3377989717956678,,56167.4,0.45987376752710246,,98254.28347474676,0.04711107599168841,,-42086.883474746755,-0.4283465512784885,,40596,0.05716955606507505,,58158.2541827165,0.02179736880229367,,-17562.254182716497,-0.30197354493381023,,75643.4,0.009969692837052593,,39868,0.27813473642499054,,2518.262314655678,0,,37349.73768534432,14.831551688629844,,41126,0.03540157977333158,,116249.59728859324,0.05670227647582299,,-75123.59728859324,-0.6462267314534997,,41274,0.3965562613835542,,53524.963893617256,0.026461479379944215,,-12250.963893617256,-0.22888317903336614,,122268,0.025837831160770527,,37500,0.0727344245048677,,62569.36064663259,0.030486998793080037,,-25069.360646632587,-0.40066512407270044,,,,,,,,,,,,,,,,,0,,,37500,0.006467562039174781,,392950.68,0.07696373828261184,,793199.0088256112,,,-400248.3288256112,-0.5046001373831871,,699364.6235847374,0.08642173166950358,,703688.52,0.09629771925250868
OTROS INGRESOS 0%,,,,,,,,,,,,,,,,,,,,,,,,,,,,,0,,,,,,,,,,,,,,,,,,,,,,,,,,,,,,0,,,,,,,,,,,,,,,,,,,,,,,,,,,,,,0,,,,,,,,,,,,,,,,,,,,,,,,,,,,,,0,,,,,,,,,,,0,0,,0,
,,,,,,,,,,,,,,,,,,,,,,,,,,,,,,,,,,,,,,,,,,,,,,,,,,,,,,,,,,,,,,,,,,,,,,,,,,,,,,,,,,,,,,,,,,,,,,,,,,,,,,,,,,,,,,,,,,,,,,,,,,,,,,,,,,,,,,
UTILIDAD O (PERDIDA) TOTAL,-1471321.915518229,-0.42578710608695086,,-1898927.7337579736,-0.8551912597971404,,427605.8182397442,0.42940415371018953,,-1830774.7687433336,-1.7397096993262928,,-1853791.2657618085,-0.8685237003571611,,23016.497018474918,-0.8711859989691317,,-1305843.4711476606,-0.6400808998206846,,-1792978.1954026746,-0.9440903369329948,,487134.7242550138,0.3040094371123102,,-4607940.1554092225,-0.703717002281863,,-1576196.064891665,-0.6495287937021285,,-1332444.0135143357,-0.41563681498542665,,-243752.05137732887,-0.2338919787167018,,-1775848.1740057208,-0.9581969066617648,,-1886437.6536790791,-0.9045112794385124,,110589.47967335786,-0.05368562722325243,,-1890473.019633896,-0.571599917679335,,-1621387.5460640353,-0.607686437800718,,-269085.4735698597,0.036086520121382915,,-5242517.258531282,-0.6909563393568231,,-2473152.2681861357,-3.047644803212623,,-1498763.7114094626,-0.4588914932053972,,-974388.5567766735,-2.5887533100072257,,-1131609.1414915838,-0.47193042816275543,,-1758701.6852895545,-0.8578299755329063,,627092.5437979712,0.38589954737015086,,-1880236.8206358808,-1.2347199555960537,,-1841300.5625400236,-0.9102955578778579,,-38936.25809585706,-0.32442439771819587,,-5484998.230313601,-1.1590968871002056,,-1231380.0060069324,-0.21237404220397998,,-1968346.2686215697,-0.9590791674336695,,736966.2626146389,0.7467051252296895,,0,,,0,,,0,,,0,,,0,,,0,,,-1231380.0060069324,-0.21237404220397998,,-16566835.65026103,-0.6716565913926071,,-17453078.63604052,-0.7393848603911037,,886242.9857794871,0.0677282689984966,,-2688718.388842774,-0.03808758612983984,,-10063001.452909607,-0.18397165580547667
,,,,,,,,,,,,,,,,,,,,,,,,,,,,,,,,,,,,,,,,,,,,,,,,,,,,,,,,,,,,,,,,,,,,,,,,,,,,,,,,,,,,,,,,,,,,,,,,,,,,,,,,,,,,,,,,,,,,,,,,,,,,,,,,,,,,,,
,,,,,,,,,,,,,,,,,,,,,,,,,,,,-4607940.1554092225,,,,,,,,,,,,,,,,,,,,,,,,,,,,,,-5242517.258531282,,,,,,,,,,,,,,,,,,,,,,,,,,,,,,-5484998.230313601,,,,,,,,,,,,0,,,,,,,,,0,,,,,,,,,-1231380.0060069324,,,-16566835.650261037,,,-17453078.63604052,,,886242.9857794817,,,,,,,
,,,,,,,,,,,,,,,,,,,,,,,,,,,,,0,,,,,,,,,,,,,,,,,,,,,,,,,,,,,,0,,,,,,,,,,,,,,,,,,,,,,,,,,,,,,0,,,,,,,,,,,,,,,,,,,,,,,,,,,,,,0,,,,,,,,,,,,,,,
Manode Obra Directa,176450.19,0.051063071226075146,,,,,,,,140708.43,0.1337094134282847,,,,,,,,140139.21,0.06869156496844547,,,,,,,,457297.83,0.0698377685525783,,141121.42,0.05815420285574153,,,,,,,,183933.08,0.09924503168039588,,,,,,,,170563.2,0.05157117296389894,,,,,,,,495617.70000000007,0.06532170993908895,,150194.76,0.18508374339582576,,,,,,,,175382.79,0.07314228220883827,,,,,,,,164629.34,0.10810932385946095,,,,,,,,490206.89,0.10359115105887402,,253620.94,0.04374157770356866,,,,,,,,0,,,,,,,,,0,,,,,,,,,253620.94,0.04374157770356866,,1696743.36,0.06878977287540625,,,,,,,,2305068.7407645667,0.051078342074979716,,2229627.91,0.04973227763343487
Semanal,35290.038,,,,,,,,,35177.1075,,,,,,,,,35034.8025,,,,,,,,,35176.75615384615,,,35280.355,,,,,,,,,36786.615999999995,,,,,,,,,42640.8,,,,,,,,,38124.43846153847,,,37548.69,,,,,,,,,35076.558000000005,,,,,,,,,41157.335,,,,,,,,,37708.22230769231,,,50724.188,,,,,,,,,0,,,,,,,,,0,,,,,,,,,50724.188,,,38562.34909090909,,,,,,,,,44328.24501470321,,,50673.361590909095,
Mano de Obra Directa Total,201410.19,0.05828626694948488,,,,,,,,161926.96,0.1538725067135304,,,,,,,,164532.63,0.08064840556097184,,,,,,,,527869.78,0.08061540008081916,,164773.43000000002,0.06790087198283809,,,,,,,,241027.46,0.13005152691155583,,,,,,,,244828.66,0.07402593977704221,,,,,,,,650629.55,0.08575205192005848,,261532.3,0.32228406039545,,,,,,,,262084.94,0.10930086494898641,,,,,,,,269432.77,0.17693197695065568,,,,,,,,793050.01,0.16758834904003808,,343700.27,0.05927740850949661,,,,,,,,0,,,,,,,,,0,,,,,,,,,343700.27,0.05927740850949661,,2315249.61,0.09386540037603144,,,,,,,,2569947.2653218633,0.05694782251449403,,2505709.41,0.05589032837628512
Semanal,40282.038,,,,,,,,,40481.74,,,,,,,,,41133.1575,,,,,,,,,40605.36769230769,,,41193.357500000006,,,,,,,,,48205.492,,,,,,,,,61207.165,,,,,,,,,50048.42692307693,,,65383.075,,,,,,,,,52416.988,,,,,,,,,67358.1925,,,,,,,,,61003.846923076926,,,68740.054,,,,,,,,,0,,,,,,,,,0,,,,,,,,,68740.054,,,52619.30931818182,,,,,,,,,49422.06279465122,,,56947.94113636364,
Mano de Obra Indirecta,677108.97,0.19594914328471041,,,,,,,,655226.4199999999,0.6226346231061984,,,,,,,,627242.59,0.30745338954002244,,,,,,,,1959577.98,0.29926350935881085,,632325.88,0.26057282796938463,,,,,,,,743796,0.4013310579247177,,,,,,,,671419.0800000001,0.20300902835982146,,,,,,,,2047540.96,0.26986299455714297,,633752.01,0.7809672880427305,,,,,,,,633441.78,0.2641728839849614,,,,,,,,605796.2599999999,0.39781623412442885,,,,,,,,1872990.05,0.3958026685453524,,661690.2200000001,0.11412060129507227,,,,,,,,0,,,,,,,,,0,,,,,,,,,661690.2200000001,0.11412060129507227,,6541799.21,0.265219179553714,,,,,,,,6093042.739839734,0.13501659010818756,,6061476.1,0.13520238552881678
Mantenimiento Instalaciones,37926.840000000004,0.010975680628623613,,,,,,,,5792.8,0.005504658747932641,,,,,,,,13856.08,0.006791788105041965,,,,,,,,57575.72,0.00879286876915216,,8722.66,0.0035944886260474303,,,,,,,,10318.55,0.0055675945928038,,,,,,,,18289.829999999998,0.005530079093323223,,,,,,,,37331.03999999999,0.004920178126415838,,3664.91,0.004516237863483358,,,,,,,,7712.860000000001,0.003216599432346015,,,,,,,,8774.76,0.00576223758553028,,,,,,,,20152.530000000002,0.004258658582804682,,5932.46,0.0010231614158646087,,,,,,,,0,,,,,,,,,0,,,,,,,,,5932.46,0.0010231614158646087,,120991.75000000001,0.004905276306664276,,,,,,,,104514.06240862698,0.002315941792513717,,167387.26,0.003733604898505216
Mantenimiento Equipo,36440.869999999995,0.010545654500854573,,,,,,,,80683.43000000001,0.07667013340055084,,,,,,,,77628.23,0.038050768264145544,,,,,,,,194752.53,0.029742284399576227,,70142.59,0.028904799906967395,,,,,,,,79411.56,0.04284820755456092,,,,,,,,55084.26000000001,0.016655174739031515,,,,,,,,204638.41,0.02697105220498856,,66375.47,0.08179393513633451,,,,,,,,57313.17999999999,0.02390209886526463,,,,,,,,61012.869999999995,0.040066127474150046,,,,,,,,184701.52,0.039031362980482875,,93127.40999999999,0.016061528045937756,,,,,,,,0,,,,,,,,,0,,,,,,,,,93127.40999999999,0.016061528045937756,,677219.87,0.027456009047833928,,,,,,,,1038715.3488686589,0.023017039348877378,,1005474.8499999999,0.022427309135018978
Combustible,97523.47,0.028222400297919784,,,,,,,,181903.65999999997,0.17285554020507607,,,,,,,,79694,0.03906333979330477,,,,,,,,359121.13,0.05484438524293978,,134432.34,0.05539772467377394,,,,,,,,113341.6,0.061155887144970104,,,,,,,,114628.92,0.034658987753424735,,,,,,,,362402.8599999999,0.047764182962021444,,99987.76,0.1232140782711954,,,,,,,,74898.91,0.031236116225282873,,,,,,,,111610.73,0.0732928927235015,,,,,,,,286497.4,0.06054299938822699,,153868.81,0.026537495321839917,,,,,,,,0,,,,,,,,,0,,,,,,,,,153868.81,0.026537495321839917,,1161890.2000000002,0.047105628846639686,,,,,,,,925981.6059204122,0.02051895650047025,,919125.2100000001,0.020501263873939007
Fletes,82836.25,0.02397205315477964,,,,,,,,6836.9400000000005,0.006496861894091043,,,,,,,,21984.69,0.010776161514298057,,,,,,,,111657.88,0.017052206830965196,,101997.69000000002,0.042031849984765175,,,,,,,,135988.06,0.07337526954289884,,,,,,,,126347.39,0.03820216261905965,,,,,,,,364333.14,0.04801859112835858,,21029.52,0.02591450116779963,,,,,,,,-70103.16,-0.029236079050010227,,,,,,,,19681.18,0.012924300507773073,,,,,,,,-29392.460000000006,-0.006211252485357587,,169095.55,0.029163625604623496,,,,,,,,0,,,,,,,,,0,,,,,,,,,169095.55,0.029163625604623496,,615694.11,0.024961617051871287,,,,,,,,441403.3380424682,0.009781118582213207,,400724.8900000001,0.008938245433116977
Gastos de importación,62736.3,0.018155311452826534,,,,,,,,0,0,,,,,,,,7101.98,0.0034811536369771198,,,,,,,,69838.28,0.010665586658808675,,37092.16,0.015285170720345796,,,,,,,,75650.73,0.040818971201347115,,,,,,,,38772.21,0.01172309354012244,,,,,,,,151515.09999999998,0.01996947529031359,,169718.12,0.20914221622446721,,,,,,,,-169040.56,-0.07049729534043823,,,,,,,,93337,0.06129284100313168,,,,,,,,94014.56,0.019867277848121586,,142734.37,0.024617157149267405,,,,,,,,0,,,,,,,,,0,,,,,,,,,142734.37,0.024617157149267405,,458102.31,0.018572492812701468,,,,,,,,1524657.574681558,0.03378510140264303,,1523590.3600000003,0.03398397483423366
$ MOD / Ventas,19.583624251127187,,,,,,,,,7.478904995244422,,,,,,,,,14.557828176710858,,,,,,,,,14.318899654520557,,,17.195661721657846,,,,,,,,,10.076071145005566,,,,,,,,,19.390677824993897,,,,,,,,,15.308846031931463,,,5.402959663839138,,,,,,,,,13.671982467606997,,,,,,,,,9.249895978444668,,,,,,,,,9.653334187122502,,,22.861543924567105,,,,,,,,,,,,,,,,,,,,,,,,,,,22.861543924567105,,,14.537044653588623,,,,,,,,,19.577769351480992,,,20.10766543553,
$ MOI / Ventas,5.103365001943483,,,,,,,,,1.6060783690621023,,,,,,,,,3.2525255340202586,,,,,,,,,3.34153670169329,,,3.837698687898082,,,,,,,,,2.491708479206664,,,,,,,,,4.925889297039339,,,,,,,,,3.7055840191836746,,,1.2804633629485453,,,,,,,,,3.785399867372183,,,,,,,,,2.5137234587747375,,,,,,,,,2.5265115156377895,,,8.762659753381268,,,,,,,,,,,,,,,,,,,,,,,,,,,8.762659753381268,,,3.770466380609074,,,,,,,,,7.406497225257349,,,7.396319200202735,
